order_id,customer_id,order_status,order_date,required_date,shipped_date,store_id,staff_id
1,259.0,4,2016-01-01,2016-01-03,2016-01-03,1,2
2,,4,2016-01-01,2016-01-04,2016-01-03,2,6
3,523.0,4,2016-01-02,2016-01-05,2016-01-03,2,7
4,175.0,4,2016-01-03,2016-01-04,2016-01-05,1,3
5,1324.0,4,2016-01-03,2016-01-06,2016-01-06,2,6
6,94.0,4,2016-01-04,2016-01-07,2016-01-05,2,6
7,324.0,4,2016-01-04,2016-01-07,2016-01-05,2,6
8,1204.0,4,2016-01-04,2016-01-05,2016-01-05,2,7
9,60.0,4,2016-01-05,2016-01-08,2016-01-08,1,2
10,442.0,4,2016-01-05,2016-01-06,2016-01-06,2,6
11,1326.0,4,2016-01-05,2016-01-08,2016-01-07,2,7
12,91.0,4,2016-01-06,2016-01-08,2016-01-09,1,2
13,873.0,4,2016-01-08,2016-01-11,2016-01-11,2,6
14,258.0,4,2016-01-09,2016-01-11,2016-01-12,1,3
15,450.0,4,2016-01-09,2016-01-10,2016-01-12,2,7
16,552.0,4,2016-01-12,2016-01-15,2016-01-15,1,3
17,1175.0,4,2016-01-12,2016-01-14,2016-01-14,1,3
18,541.0,4,2016-01-14,2016-01-17,2016-01-15,1,3
19,696.0,4,2016-01-14,2016-01-17,2016-01-16,1,2
20,923.0,4,2016-01-14,2016-01-16,2016-01-17,1,2
21,1250.0,4,2016-01-15,2016-01-16,2016-01-18,2,6
22,1035.0,4,2016-01-16,2016-01-18,2016-01-17,1,2
23,1149.0,4,2016-01-16,2016-01-19,2016-01-19,1,2
24,636.0,4,2016-01-18,2016-01-20,2016-01-19,2,7
25,657.0,4,2016-01-18,2016-01-21,2016-01-21,2,6
26,1280.0,4,2016-01-18,2016-01-21,2016-01-19,2,7
27,57.0,4,2016-01-19,2016-01-21,2016-01-20,2,7
28,252.0,4,2016-01-19,2016-01-20,2016-01-21,2,6
29,437.0,4,2016-01-20,2016-01-22,2016-01-21,2,6
30,1348.0,4,2016-01-20,2016-01-21,2016-01-21,2,6
31,1238.0,4,2016-01-20,2016-01-22,2016-01-22,3,8
32,1259.0,4,2016-01-21,2016-01-24,2016-01-22,1,3
33,236.0,4,2016-01-21,2016-01-22,2016-01-22,2,6
34,80.0,4,2016-01-22,2016-01-25,2016-01-23,2,6
35,813.0,4,2016-01-22,2016-01-25,2016-01-24,2,7
36,1321.0,4,2016-01-23,2016-01-24,2016-01-24,2,6
37,164.0,4,2016-01-25,2016-01-28,2016-01-26,2,6
38,583.0,4,2016-01-25,2016-01-27,2016-01-26,2,7
39,1296.0,4,2016-01-25,2016-01-26,2016-01-26,2,7
40,348.0,4,2016-01-27,2016-01-28,2016-01-29,1,3
41,979.0,4,2016-01-27,2016-01-30,2016-01-29,2,6
42,1095.0,4,2016-01-27,2016-01-28,2016-01-30,2,7
43,1434.0,4,2016-01-27,2016-01-28,2016-01-30,2,7
44,861.0,4,2016-01-28,2016-01-31,2016-01-30,2,7
45,1220.0,4,2016-01-28,2016-01-31,2016-01-31,2,7
46,746.0,4,2016-01-29,2016-01-31,2016-01-31,2,7
47,1234.0,4,2016-01-29,2016-01-30,2016-01-31,2,7
48,1012.0,4,2016-01-30,2016-02-01,2016-02-02,2,7
49,608.0,4,2016-01-31,2016-02-01,2016-02-02,2,6
50,872.0,4,2016-01-31,2016-02-03,2016-02-02,3,8
51,1047.0,4,2016-02-01,2016-02-02,2016-02-03,2,7
52,767.0,4,2016-02-03,2016-02-04,2016-02-05,1,2
53,965.0,4,2016-02-03,2016-02-04,2016-02-05,2,6
54,535.0,4,2016-02-04,2016-02-07,2016-02-07,2,7
55,1173.0,4,2016-02-04,2016-02-07,2016-02-06,2,6
56,1241.0,4,2016-02-04,2016-02-06,2016-02-07,2,6
57,1305.0,4,2016-02-04,2016-02-06,2016-02-06,2,7
58,504.0,4,2016-02-05,2016-02-07,2016-02-07,2,6
59,563.0,4,2016-02-05,2016-02-07,2016-02-06,2,7
60,151.0,4,2016-02-06,2016-02-08,2016-02-07,1,3
61,277.0,4,2016-02-06,2016-02-09,2016-02-09,2,7
62,208.0,4,2016-02-07,2016-02-10,2016-02-10,1,2
63,1075.0,4,2016-02-07,2016-02-09,2016-02-09,2,7
64,1185.0,4,2016-02-07,2016-02-08,2016-02-09,2,6
65,996.0,4,2016-02-08,2016-02-09,2016-02-11,2,6
66,1253.0,4,2016-02-09,2016-02-12,2016-02-12,2,7
67,526.0,4,2016-02-09,2016-02-11,2016-02-10,3,8
68,381.0,4,2016-02-10,2016-02-11,2016-02-13,2,6
69,1413.0,4,2016-02-10,2016-02-12,2016-02-11,2,7
70,50.0,3,2016-02-11,2016-02-11,,3,9
71,797.0,4,2016-02-11,2016-02-14,2016-02-12,2,7
72,1386.0,4,2016-02-12,2016-02-15,2016-02-13,1,2
73,612.0,4,2016-02-12,2016-02-15,2016-02-14,2,7
74,264.0,4,2016-02-13,2016-02-15,2016-02-15,2,7
75,587.0,4,2016-02-14,2016-02-15,2016-02-17,2,6
76,9.0,3,2016-02-16,2016-02-16,,2,6
77,385.0,4,2016-02-16,2016-02-19,2016-02-19,1,2
78,1182.0,4,2016-02-16,2016-02-18,2016-02-19,2,7
79,529.0,4,2016-02-17,2016-02-20,2016-02-20,1,3
80,397.0,4,2016-02-17,2016-02-20,2016-02-19,2,6
81,521.0,4,2016-02-17,2016-02-19,2016-02-18,2,6
82,1223.0,4,2016-02-18,2016-02-21,2016-02-20,2,6
83,393.0,4,2016-02-19,2016-02-20,2016-02-20,1,3
84,317.0,4,2016-02-20,2016-02-22,2016-02-21,2,7
85,1174.0,4,2016-02-20,2016-02-23,2016-02-21,2,7
86,276.0,4,2016-02-21,2016-02-22,2016-02-23,2,7
87,516.0,4,2016-02-21,2016-02-22,2016-02-23,2,6
88,1069.0,4,2016-02-21,2016-02-22,2016-02-23,2,6
89,668.0,4,2016-02-21,2016-02-24,2016-02-24,3,8
90,414.0,4,2016-02-23,2016-02-25,2016-02-24,2,7
91,648.0,4,2016-02-25,2016-02-27,2016-02-28,1,2
92,1309.0,4,2016-02-25,2016-02-28,2016-02-28,2,7
93,1328.0,4,2016-02-26,2016-02-28,2016-02-27,1,3
94,929.0,4,2016-02-27,2016-02-28,2016-02-29,1,2
95,218.0,4,2016-02-27,2016-02-29,2016-02-28,2,7
96,1094.0,4,2016-02-27,2016-02-29,2016-02-28,2,7
97,204.0,4,2016-02-28,2016-02-29,2016-03-01,2,7
98,1194.0,4,2016-02-28,2016-02-29,2016-02-29,2,6
99,1165.0,4,2016-02-29,2016-03-01,2016-03-03,3,9
100,1237.0,4,2016-03-01,2016-03-04,2016-03-03,2,7
101,271.0,4,2016-03-01,2016-03-04,2016-03-04,3,8
102,336.0,4,2016-03-02,2016-03-05,2016-03-03,2,7
103,991.0,4,2016-03-03,2016-03-06,2016-03-05,1,2
104,7.0,4,2016-03-03,2016-03-05,2016-03-05,2,7
105,306.0,4,2016-03-03,2016-03-05,2016-03-04,2,7
106,422.0,4,2016-03-04,2016-03-05,2016-03-05,3,9
107,633.0,4,2016-03-06,2016-03-09,2016-03-09,1,2
108,12.0,4,2016-03-06,2016-03-09,2016-03-07,2,6
109,1255.0,4,2016-03-06,2016-03-09,2016-03-09,2,6
110,677.0,4,2016-03-06,2016-03-08,2016-03-09,3,9
111,630.0,4,2016-03-07,2016-03-10,2016-03-10,2,6
112,469.0,4,2016-03-08,2016-03-11,2016-03-10,2,6
113,1078.0,4,2016-03-08,2016-03-11,2016-03-11,2,6
114,1431.0,4,2016-03-08,2016-03-10,2016-03-11,2,7
115,1369.0,4,2016-03-09,2016-03-11,2016-03-11,2,7
116,471.0,4,2016-03-10,2016-03-11,2016-03-11,2,7
117,740.0,4,2016-03-10,2016-03-13,2016-03-11,2,6
118,577.0,4,2016-03-12,2016-03-14,2016-03-13,1,2
119,925.0,4,2016-03-12,2016-03-14,2016-03-14,2,7
120,327.0,4,2016-03-14,2016-03-15,2016-03-17,2,7
121,755.0,4,2016-03-14,2016-03-15,2016-03-16,2,6
122,786.0,4,2016-03-14,2016-03-16,2016-03-15,2,6
123,766.0,4,2016-03-15,2016-03-18,2016-03-17,2,6
124,403.0,4,2016-03-16,2016-03-18,2016-03-17,1,3
125,685.0,4,2016-03-16,2016-03-19,2016-03-17,2,6
126,1365.0,4,2016-03-16,2016-03-18,2016-03-18,2,7
127,484.0,4,2016-03-17,2016-03-18,2016-03-19,3,8
128,86.0,4,2016-03-18,2016-03-20,2016-03-21,2,6
129,84.0,4,2016-03-19,2016-03-21,2016-03-21,2,7
130,1049.0,4,2016-03-19,2016-03-22,2016-03-20,2,6
131,316.0,4,2016-03-19,2016-03-22,2016-03-20,3,8
132,46.0,4,2016-03-20,2016-03-22,2016-03-23,1,3
133,409.0,4,2016-03-20,2016-03-22,2016-03-21,2,7
134,679.0,4,2016-03-20,2016-03-21,2016-03-21,2,7
135,1354.0,4,2016-03-21,2016-03-23,2016-03-23,2,7
136,1192.0,4,2016-03-21,2016-03-24,2016-03-23,3,8
137,370.0,4,2016-03-23,2016-03-26,2016-03-25,2,7
138,438.0,4,2016-03-23,2016-03-24,2016-03-25,2,7
139,710.0,4,2016-03-23,2016-03-24,2016-03-26,2,7
140,1264.0,4,2016-03-23,2016-03-26,2016-03-26,2,7
141,557.0,4,2016-03-25,2016-03-27,2016-03-26,2,7
142,170.0,4,2016-03-26,2016-03-27,2016-03-27,1,3
143,693.0,4,2016-03-26,2016-03-28,2016-03-28,2,7
144,1124.0,4,2016-03-26,2016-03-29,2016-03-29,2,7
145,366.0,4,2016-03-27,2016-03-29,2016-03-30,2,6
146,288.0,4,2016-03-28,2016-03-30,2016-03-30,1,3
147,55.0,4,2016-03-28,2016-03-31,2016-03-31,2,7
148,714.0,4,2016-03-28,2016-03-30,2016-03-30,2,6
149,763.0,4,2016-03-28,2016-03-30,2016-03-29,2,6
150,332.0,4,2016-03-29,2016-03-31,2016-04-01,1,2
151,926.0,4,2016-03-29,2016-04-01,2016-03-31,1,2
152,76.0,4,2016-03-29,2016-03-30,2016-03-30,2,6
153,498.0,4,2016-03-30,2016-04-02,2016-04-01,2,6
154,1286.0,4,2016-03-31,2016-04-01,2016-04-01,1,2
155,371.0,4,2016-04-02,2016-04-03,2016-04-04,2,6
156,357.0,4,2016-04-03,2016-04-06,2016-04-05,1,3
157,43.0,4,2016-04-03,2016-04-06,2016-04-06,3,8
158,117.0,3,2016-04-04,2016-04-04,,3,9
159,32.0,4,2016-04-04,2016-04-06,2016-04-06,1,2
160,205.0,4,2016-04-04,2016-04-06,2016-04-06,2,7
161,251.0,4,2016-04-04,2016-04-07,2016-04-05,2,7
162,31.0,4,2016-04-06,2016-04-08,2016-04-07,1,3
163,1325.0,4,2016-04-06,2016-04-07,2016-04-07,2,7
164,610.0,4,2016-04-07,2016-04-08,2016-04-09,2,7
165,574.0,4,2016-04-08,2016-04-10,2016-04-10,1,3
166,338.0,4,2016-04-08,2016-04-11,2016-04-11,2,6
167,1034.0,4,2016-04-08,2016-04-09,2016-04-11,2,7
168,1147.0,4,2016-04-09,2016-04-12,2016-04-11,1,3
169,99.0,4,2016-04-10,2016-04-11,2016-04-11,2,7
170,1200.0,4,2016-04-10,2016-04-11,2016-04-13,2,7
171,237.0,4,2016-04-11,2016-04-14,2016-04-14,1,3
172,1079.0,4,2016-04-11,2016-04-12,2016-04-14,2,7
173,117.0,4,2016-04-11,2016-04-14,2016-04-13,3,8
174,1361.0,4,2016-04-12,2016-04-13,2016-04-15,2,7
175,951.0,4,2016-04-13,2016-04-14,2016-04-14,2,6
176,643.0,4,2016-04-15,2016-04-16,2016-04-17,2,7
177,121.0,4,2016-04-16,2016-04-19,2016-04-19,1,2
178,756.0,4,2016-04-16,2016-04-17,2016-04-18,2,6
179,616.0,4,2016-04-17,2016-04-19,2016-04-19,2,6
180,918.0,4,2016-04-17,2016-04-20,2016-04-19,2,7
181,459.0,4,2016-04-18,2016-04-20,2016-04-20,1,3
182,854.0,4,2016-04-18,2016-04-19,2016-04-20,2,6
183,22.0,4,2016-04-19,2016-04-20,2016-04-20,2,7
184,134.0,4,2016-04-19,2016-04-21,2016-04-22,2,7
185,24.0,3,2016-04-20,2016-04-20,,1,2
186,1127.0,4,2016-04-21,2016-04-22,2016-04-24,2,6
187,183.0,4,2016-04-22,2016-04-23,2016-04-24,2,6
188,390.0,4,2016-04-22,2016-04-23,2016-04-25,2,6
189,1288.0,4,2016-04-23,2016-04-24,2016-04-26,1,2
190,98.0,4,2016-04-23,2016-04-25,2016-04-25,2,6
191,919.0,4,2016-04-27,2016-04-28,2016-04-28,1,2
192,728.0,4,2016-04-27,2016-04-28,2016-04-29,2,7
193,1366.0,4,2016-04-28,2016-04-30,2016-04-30,1,3
194,558.0,4,2016-04-28,2016-04-30,2016-05-01,2,7
195,727.0,4,2016-04-28,2016-05-01,2016-05-01,2,7
196,1247.0,4,2016-04-28,2016-04-30,2016-05-01,2,6
197,127.0,4,2016-04-30,2016-05-03,2016-05-03,2,7
198,640.0,4,2016-05-01,2016-05-04,2016-05-03,2,6
199,760.0,4,2016-05-01,2016-05-04,2016-05-04,2,7
200,1074.0,4,2016-05-01,2016-05-03,2016-05-03,2,6
201,280.0,4,2016-05-01,2016-05-04,2016-05-02,3,9
202,600.0,4,2016-05-03,2016-05-05,2016-05-04,1,2
203,1102.0,4,2016-05-03,2016-05-05,2016-05-06,3,9
204,591.0,4,2016-05-04,2016-05-07,2016-05-06,2,7
205,635.0,4,2016-05-04,2016-05-05,2016-05-06,2,6
206,743.0,4,2016-05-04,2016-05-06,2016-05-05,3,9
207,105.0,4,2016-05-05,2016-05-07,2016-05-07,2,7
208,815.0,4,2016-05-06,2016-05-07,2016-05-09,2,7
209,514.0,4,2016-05-07,2016-05-08,2016-05-08,2,6
210,943.0,4,2016-05-07,2016-05-08,2016-05-09,2,6
211,1140.0,4,2016-05-07,2016-05-09,2016-05-08,2,6
212,1373.0,4,2016-05-08,2016-05-09,2016-05-11,2,6
213,788.0,4,2016-05-08,2016-05-09,2016-05-09,3,8
214,363.0,4,2016-05-10,2016-05-12,2016-05-11,2,6
215,1420.0,4,2016-05-10,2016-05-13,2016-05-12,2,7
216,267.0,4,2016-05-11,2016-05-14,2016-05-13,1,3
217,716.0,4,2016-05-11,2016-05-12,2016-05-14,2,7
218,1179.0,4,2016-05-12,2016-05-14,2016-05-14,2,7
219,1338.0,4,2016-05-12,2016-05-15,2016-05-15,2,6
220,1358.0,4,2016-05-12,2016-05-14,2016-05-15,2,6
221,1218.0,4,2016-05-13,2016-05-16,2016-05-14,1,2
222,51.0,4,2016-05-13,2016-05-16,2016-05-14,2,6
223,1368.0,4,2016-05-15,2016-05-16,2016-05-17,2,7
224,157.0,4,2016-05-17,2016-05-18,2016-05-19,1,3
225,307.0,4,2016-05-17,2016-05-20,2016-05-19,1,3
226,501.0,4,2016-05-17,2016-05-19,2016-05-20,1,2
227,489.0,4,2016-05-17,2016-05-18,2016-05-20,2,7
228,615.0,4,2016-05-17,2016-05-20,2016-05-20,2,7
229,742.0,4,2016-05-19,2016-05-21,2016-05-20,2,6
230,1167.0,4,2016-05-19,2016-05-20,2016-05-21,2,6
231,1257.0,4,2016-05-19,2016-05-22,2016-05-21,2,6
232,1360.0,4,2016-05-20,2016-05-23,2016-05-23,1,3
233,737.0,4,2016-05-21,2016-05-22,2016-05-24,2,6
234,1435.0,4,2016-05-22,2016-05-24,2016-05-24,2,6
235,649.0,4,2016-05-24,2016-05-25,2016-05-25,2,6
236,206.0,4,2016-05-25,2016-05-27,2016-05-26,2,6
237,1351.0,4,2016-05-25,2016-05-26,2016-05-27,2,7
238,1350.0,4,2016-05-26,2016-05-29,2016-05-29,2,6
239,13.0,3,2016-05-27,2016-05-27,,3,9
240,65.0,4,2016-05-27,2016-05-29,2016-05-30,2,6
241,1082.0,4,2016-05-27,2016-05-29,2016-05-29,2,7
242,1168.0,4,2016-05-27,2016-05-30,2016-05-30,2,7
243,802.0,4,2016-05-27,2016-05-30,2016-05-28,3,8
244,956.0,4,2016-05-28,2016-05-29,2016-05-29,2,6
245,223.0,4,2016-05-29,2016-05-31,2016-05-30,2,7
246,17.0,3,2016-05-30,2016-05-30,,2,6
247,928.0,4,2016-05-30,2016-06-01,2016-06-01,1,3
248,1376.0,4,2016-05-30,2016-06-01,2016-05-31,2,7
249,145.0,4,2016-06-01,2016-06-04,2016-06-04,2,6
250,150.0,4,2016-06-01,2016-06-02,2016-06-04,2,7
251,851.0,4,2016-06-01,2016-06-04,2016-06-04,2,7
252,66.0,4,2016-06-01,2016-06-04,2016-06-02,3,8
253,1267.0,4,2016-06-02,2016-06-05,2016-06-05,2,6
254,510.0,4,2016-06-03,2016-06-06,2016-06-05,2,7
255,801.0,4,2016-06-03,2016-06-06,2016-06-05,2,7
256,26.0,4,2016-06-04,2016-06-05,2016-06-07,2,7
257,1314.0,4,2016-06-05,2016-06-06,2016-06-08,1,3
258,107.0,4,2016-06-06,2016-06-07,2016-06-07,2,7
259,413.0,4,2016-06-06,2016-06-09,2016-06-09,2,7
260,632.0,4,2016-06-06,2016-06-08,2016-06-08,2,6
261,1045.0,4,2016-06-08,2016-06-10,2016-06-09,1,2
262,579.0,4,2016-06-08,2016-06-11,2016-06-10,3,9
263,1322.0,4,2016-06-09,2016-06-10,2016-06-12,2,6
264,5.0,3,2016-06-10,2016-06-10,,1,3
265,682.0,4,2016-06-10,2016-06-12,2016-06-11,2,7
266,933.0,4,2016-06-10,2016-06-13,2016-06-13,2,7
267,282.0,4,2016-06-11,2016-06-14,2016-06-14,1,3
268,540.0,4,2016-06-11,2016-06-14,2016-06-12,1,3
269,764.0,4,2016-06-12,2016-06-13,2016-06-15,2,6
270,879.0,4,2016-06-12,2016-06-15,2016-06-13,2,7
271,350.0,4,2016-06-13,2016-06-16,2016-06-14,2,7
272,497.0,4,2016-06-15,2016-06-18,2016-06-16,2,7
273,1340.0,4,2016-06-16,2016-06-19,2016-06-17,2,7
274,411.0,4,2016-06-17,2016-06-20,2016-06-18,2,7
275,1341.0,4,2016-06-17,2016-06-19,2016-06-18,2,7
276,1227.0,4,2016-06-18,2016-06-19,2016-06-19,2,6
277,546.0,4,2016-06-19,2016-06-20,2016-06-20,2,7
278,1301.0,4,2016-06-20,2016-06-23,2016-06-21,1,3
279,378.0,4,2016-06-21,2016-06-22,2016-06-22,2,6
280,638.0,4,2016-06-21,2016-06-22,2016-06-23,2,7
281,800.0,4,2016-06-21,2016-06-22,2016-06-23,2,7
282,159.0,4,2016-06-22,2016-06-25,2016-06-25,3,9
283,181.0,4,2016-06-23,2016-06-26,2016-06-26,1,2
284,1356.0,4,2016-06-23,2016-06-25,2016-06-25,2,7
285,319.0,4,2016-06-25,2016-06-26,2016-06-27,1,2
286,59.0,4,2016-06-25,2016-06-26,2016-06-26,2,6
287,133.0,4,2016-06-25,2016-06-26,2016-06-27,2,6
288,780.0,4,2016-06-25,2016-06-28,2016-06-28,2,6
289,849.0,4,2016-06-27,2016-06-28,2016-06-30,2,6
290,202.0,4,2016-06-28,2016-06-29,2016-06-30,2,6
291,158.0,4,2016-06-29,2016-06-30,2016-07-01,2,6
292,360.0,4,2016-06-29,2016-06-30,2016-07-02,3,9
293,573.0,4,2016-06-30,2016-07-03,2016-07-02,2,7
294,732.0,4,2016-07-01,2016-07-02,2016-07-02,2,7
295,1130.0,4,2016-07-01,2016-07-04,2016-07-04,2,7
296,1245.0,4,2016-07-04,2016-07-07,2016-07-06,2,6
297,1425.0,4,2016-07-04,2016-07-05,2016-07-06,2,7
298,885.0,4,2016-07-04,2016-07-07,2016-07-07,3,9
299,281.0,4,2016-07-05,2016-07-06,2016-07-07,2,6
300,1205.0,4,2016-07-05,2016-07-08,2016-07-08,2,6
301,17.0,4,2016-07-06,2016-07-09,2016-07-08,2,6
302,1375.0,4,2016-07-06,2016-07-07,2016-07-09,2,6
303,36.0,4,2016-07-07,2016-07-08,2016-07-09,2,7
304,230.0,4,2016-07-07,2016-07-08,2016-07-08,2,6
305,705.0,4,2016-07-07,2016-07-08,2016-07-08,2,7
306,424.0,4,2016-07-09,2016-07-10,2016-07-12,2,7
307,695.0,4,2016-07-09,2016-07-11,2016-07-11,2,6
308,156.0,4,2016-07-11,2016-07-12,2016-07-14,2,6
309,211.0,4,2016-07-11,2016-07-13,2016-07-13,2,6
310,627.0,4,2016-07-12,2016-07-13,2016-07-13,1,2
311,1400.0,4,2016-07-12,2016-07-14,2016-07-13,2,6
312,299.0,4,2016-07-13,2016-07-15,2016-07-16,2,6
313,565.0,4,2016-07-14,2016-07-15,2016-07-15,3,9
314,1019.0,4,2016-07-15,2016-07-17,2016-07-17,2,7
315,1263.0,4,2016-07-16,2016-07-19,2016-07-17,2,6
316,670.0,4,2016-07-17,2016-07-20,2016-07-19,2,7
317,795.0,4,2016-07-17,2016-07-20,2016-07-19,2,7
318,1141.0,4,2016-07-17,2016-07-19,2016-07-20,2,7
319,941.0,4,2016-07-18,2016-07-21,2016-07-21,2,6
320,1428.0,4,2016-07-19,2016-07-20,2016-07-21,1,2
321,568.0,4,2016-07-19,2016-07-22,2016-07-21,2,6
322,924.0,4,2016-07-19,2016-07-22,2016-07-20,2,6
323,1243.0,4,2016-07-19,2016-07-22,2016-07-21,2,6
324,480.0,4,2016-07-20,2016-07-22,2016-07-23,2,6
325,848.0,4,2016-07-20,2016-07-21,2016-07-21,2,6
326,1337.0,4,2016-07-20,2016-07-21,2016-07-22,3,9
327,83.0,4,2016-07-21,2016-07-24,2016-07-22,2,6
328,528.0,4,2016-07-23,2016-07-26,2016-07-25,2,6
329,274.0,4,2016-07-24,2016-07-27,2016-07-26,2,6
330,622.0,4,2016-07-24,2016-07-27,2016-07-27,2,6
331,642.0,4,2016-07-24,2016-07-26,2016-07-25,2,6
332,659.0,4,2016-07-24,2016-07-26,2016-07-26,2,7
333,779.0,4,2016-07-25,2016-07-27,2016-07-26,2,6
334,1112.0,4,2016-07-25,2016-07-28,2016-07-27,2,7
335,1193.0,4,2016-07-25,2016-07-27,2016-07-26,2,6
336,1030.0,4,2016-07-26,2016-07-29,2016-07-27,2,7
337,1252.0,4,2016-07-26,2016-07-27,2016-07-28,2,7
338,1333.0,4,2016-07-28,2016-07-29,2016-07-30,1,3
339,1110.0,4,2016-07-28,2016-07-31,2016-07-29,2,7
340,963.0,4,2016-07-29,2016-07-30,2016-07-31,2,7
341,1357.0,4,2016-07-31,2016-08-03,2016-08-01,1,3
342,806.0,4,2016-07-31,2016-08-01,2016-08-03,2,7
343,961.0,4,2016-07-31,2016-08-02,2016-08-01,2,7
344,750.0,4,2016-08-01,2016-08-03,2016-08-02,2,6
345,1299.0,4,2016-08-01,2016-08-04,2016-08-03,2,6
346,584.0,4,2016-08-01,2016-08-03,2016-08-02,3,9
347,1004.0,4,2016-08-02,2016-08-03,2016-08-05,2,6
348,907.0,4,2016-08-02,2016-08-05,2016-08-04,3,9
349,30.0,3,2016-08-03,2016-08-03,,1,3
350,31.0,3,2016-08-03,2016-08-03,,1,3
351,1307.0,4,2016-08-03,2016-08-06,2016-08-04,1,2
352,16.0,4,2016-08-03,2016-08-04,2016-08-06,2,7
353,1387.0,4,2016-08-03,2016-08-06,2016-08-06,2,7
354,551.0,4,2016-08-03,2016-08-05,2016-08-06,3,8
355,1011.0,4,2016-08-03,2016-08-05,2016-08-05,3,8
356,1189.0,4,2016-08-04,2016-08-07,2016-08-06,2,6
357,14.0,3,2016-08-05,2016-08-05,,3,8
358,1042.0,4,2016-08-05,2016-08-07,2016-08-07,2,7
359,441.0,4,2016-08-07,2016-08-10,2016-08-10,2,7
360,1300.0,4,2016-08-07,2016-08-09,2016-08-10,2,6
361,994.0,4,2016-08-08,2016-08-09,2016-08-11,2,6
362,187.0,4,2016-08-09,2016-08-11,2016-08-11,1,2
363,834.0,4,2016-08-11,2016-08-12,2016-08-13,3,8
364,373.0,4,2016-08-12,2016-08-14,2016-08-13,2,6
365,981.0,4,2016-08-13,2016-08-14,2016-08-15,2,6
366,1054.0,4,2016-08-13,2016-08-14,2016-08-14,3,9
367,527.0,4,2016-08-14,2016-08-15,2016-08-15,2,7
368,995.0,4,2016-08-14,2016-08-15,2016-08-17,2,7
369,1285.0,4,2016-08-15,2016-08-18,2016-08-18,1,3
370,758.0,4,2016-08-15,2016-08-18,2016-08-18,2,7
371,891.0,4,2016-08-15,2016-08-16,2016-08-18,2,7
372,132.0,4,2016-08-16,2016-08-18,2016-08-18,2,6
373,337.0,4,2016-08-16,2016-08-19,2016-08-17,2,7
374,1313.0,4,2016-08-17,2016-08-19,2016-08-18,1,2
375,536.0,4,2016-08-17,2016-08-20,2016-08-20,2,7
376,825.0,4,2016-08-17,2016-08-19,2016-08-18,2,6
377,1355.0,4,2016-08-17,2016-08-19,2016-08-20,2,6
378,475.0,4,2016-08-17,2016-08-20,2016-08-20,3,9
379,954.0,4,2016-08-18,2016-08-21,2016-08-21,2,7
380,1156.0,4,2016-08-19,2016-08-20,2016-08-21,2,7
381,1297.0,4,2016-08-19,2016-08-21,2016-08-21,2,7
382,199.0,4,2016-08-20,2016-08-23,2016-08-23,2,6
383,331.0,4,2016-08-20,2016-08-23,2016-08-22,2,7
384,410.0,4,2016-08-20,2016-08-22,2016-08-23,2,7
385,1274.0,4,2016-08-20,2016-08-23,2016-08-22,2,7
386,1362.0,4,2016-08-20,2016-08-23,2016-08-23,2,6
387,451.0,4,2016-08-20,2016-08-21,2016-08-21,3,8
388,1080.0,4,2016-08-21,2016-08-24,2016-08-23,3,8
389,53.0,4,2016-08-22,2016-08-24,2016-08-25,1,3
390,576.0,4,2016-08-22,2016-08-24,2016-08-25,3,9
391,61.0,3,2016-08-23,2016-08-23,,3,9
392,176.0,4,2016-08-23,2016-08-26,2016-08-24,1,3
393,368.0,4,2016-08-25,2016-08-26,2016-08-27,2,6
394,522.0,4,2016-08-26,2016-08-28,2016-08-29,1,3
395,144.0,4,2016-08-26,2016-08-27,2016-08-29,2,6
396,542.0,4,2016-08-27,2016-08-30,2016-08-29,2,6
397,1437.0,4,2016-08-28,2016-08-31,2016-08-29,2,7
398,447.0,4,2016-08-29,2016-08-30,2016-09-01,1,2
399,1001.0,4,2016-08-29,2016-09-01,2016-09-01,2,7
400,1295.0,4,2016-08-29,2016-08-30,2016-08-31,2,6
401,103.0,4,2016-08-30,2016-09-02,2016-09-01,2,6
402,1335.0,4,2016-08-30,2016-09-01,2016-08-31,2,6
403,578.0,4,2016-08-31,2016-09-01,2016-09-02,1,3
404,396.0,4,2016-08-31,2016-09-03,2016-09-01,2,7
405,603.0,4,2016-08-31,2016-09-01,2016-09-01,2,6
406,1380.0,4,2016-08-31,2016-09-02,2016-09-01,2,7
407,77.0,3,2016-09-01,2016-09-01,,3,8
408,1071.0,4,2016-09-01,2016-09-02,2016-09-02,1,2
409,416.0,4,2016-09-01,2016-09-04,2016-09-04,2,7
410,1151.0,4,2016-09-01,2016-09-03,2016-09-02,2,6
411,261.0,4,2016-09-02,2016-09-04,2016-09-04,1,3
412,1202.0,4,2016-09-02,2016-09-04,2016-09-04,1,3
413,717.0,4,2016-09-02,2016-09-05,2016-09-03,2,6
414,917.0,4,2016-09-03,2016-09-06,2016-09-06,2,7
415,1265.0,4,2016-09-03,2016-09-06,2016-09-06,2,7
416,1377.0,4,2016-09-03,2016-09-04,2016-09-06,2,7
417,359.0,4,2016-09-04,2016-09-05,2016-09-06,1,3
418,88.0,4,2016-09-04,2016-09-05,2016-09-05,2,6
419,14.0,4,2016-09-04,2016-09-07,2016-09-06,3,8
420,72.0,4,2016-09-05,2016-09-06,2016-09-07,1,3
421,240.0,4,2016-09-05,2016-09-06,2016-09-08,1,3
422,398.0,4,2016-09-06,2016-09-07,2016-09-09,2,6
423,1397.0,4,2016-09-06,2016-09-09,2016-09-09,2,7
424,67.0,4,2016-09-08,2016-09-11,2016-09-11,1,3
425,843.0,4,2016-09-08,2016-09-11,2016-09-11,2,6
426,944.0,4,2016-09-08,2016-09-10,2016-09-10,2,6
427,434.0,4,2016-09-09,2016-09-10,2016-09-11,1,2
428,1039.0,4,2016-09-09,2016-09-12,2016-09-10,2,6
429,153.0,4,2016-09-10,2016-09-12,2016-09-12,3,8
430,272.0,4,2016-09-11,2016-09-13,2016-09-12,2,6
431,1217.0,4,2016-09-11,2016-09-12,2016-09-12,2,6
432,169.0,4,2016-09-12,2016-09-15,2016-09-14,1,2
433,1062.0,4,2016-09-12,2016-09-15,2016-09-13,2,6
434,726.0,4,2016-09-13,2016-09-15,2016-09-14,2,6
435,77.0,4,2016-09-14,2016-09-15,2016-09-16,3,9
436,791.0,4,2016-09-16,2016-09-19,2016-09-19,2,7
437,1085.0,4,2016-09-16,2016-09-18,2016-09-18,2,7
438,314.0,4,2016-09-16,2016-09-19,2016-09-18,3,8
439,149.0,4,2016-09-17,2016-09-20,2016-09-18,2,6
440,882.0,4,2016-09-17,2016-09-18,2016-09-19,2,7
441,704.0,4,2016-09-18,2016-09-19,2016-09-19,1,2
442,667.0,4,2016-09-18,2016-09-21,2016-09-21,2,7
443,1371.0,4,2016-09-18,2016-09-19,2016-09-20,2,6
444,30.0,4,2016-09-19,2016-09-20,2016-09-21,1,2
445,362.0,4,2016-09-19,2016-09-22,2016-09-22,2,6
446,399.0,4,2016-09-19,2016-09-21,2016-09-20,2,7
447,808.0,4,2016-09-20,2016-09-23,2016-09-22,3,8
448,101.0,4,2016-09-21,2016-09-22,2016-09-24,2,6
449,492.0,4,2016-09-21,2016-09-24,2016-09-22,2,7
450,575.0,4,2016-09-21,2016-09-24,2016-09-23,2,7
451,1146.0,4,2016-09-21,2016-09-23,2016-09-22,2,7
452,997.0,4,2016-09-22,2016-09-23,2016-09-24,2,7
453,1028.0,4,2016-09-22,2016-09-24,2016-09-25,2,7
454,988.0,4,2016-09-23,2016-09-25,2016-09-26,2,6
455,1055.0,4,2016-09-23,2016-09-24,2016-09-24,2,7
456,1061.0,4,2016-09-23,2016-09-26,2016-09-25,3,9
457,1349.0,4,2016-09-24,2016-09-27,2016-09-27,1,3
458,197.0,4,2016-09-25,2016-09-28,2016-09-26,2,6
459,874.0,4,2016-09-25,2016-09-28,2016-09-26,2,6
460,691.0,4,2016-09-25,2016-09-27,2016-09-26,3,8
461,853.0,4,2016-09-26,2016-09-27,2016-09-27,2,7
462,852.0,4,2016-09-27,2016-09-28,2016-09-29,2,6
463,964.0,4,2016-09-27,2016-09-28,2016-09-28,3,8
464,74.0,4,2016-09-28,2016-09-30,2016-09-29,2,7
465,1198.0,4,2016-09-28,2016-10-01,2016-10-01,2,6
466,1440.0,4,2016-09-28,2016-09-29,2016-10-01,2,7
467,555.0,4,2016-09-28,2016-09-30,2016-09-30,3,8
468,1261.0,4,2016-09-29,2016-10-02,2016-09-30,1,3
469,1089.0,4,2016-09-29,2016-10-02,2016-10-02,2,7
470,641.0,4,2016-09-30,2016-10-02,2016-10-02,1,3
471,697.0,4,2016-09-30,2016-10-02,2016-10-01,1,3
472,468.0,4,2016-09-30,2016-10-01,2016-10-01,2,7
473,549.0,4,2016-09-30,2016-10-02,2016-10-03,2,7
474,553.0,4,2016-10-01,2016-10-04,2016-10-04,1,3
475,241.0,4,2016-10-01,2016-10-04,2016-10-03,2,7
476,559.0,4,2016-10-01,2016-10-04,2016-10-02,2,6
477,449.0,4,2016-10-02,2016-10-05,2016-10-04,1,2
478,304.0,4,2016-10-02,2016-10-05,2016-10-03,2,7
479,984.0,4,2016-10-03,2016-10-04,2016-10-04,2,6
480,686.0,4,2016-10-04,2016-10-07,2016-10-05,1,3
481,481.0,4,2016-10-04,2016-10-07,2016-10-06,3,9
482,513.0,4,2016-10-05,2016-10-06,2016-10-06,2,6
483,703.0,4,2016-10-06,2016-10-07,2016-10-09,1,2
484,421.0,4,2016-10-06,2016-10-09,2016-10-07,2,7
485,465.0,4,2016-10-06,2016-10-08,2016-10-07,2,7
486,709.0,4,2016-10-06,2016-10-08,2016-10-09,2,7
487,827.0,4,2016-10-06,2016-10-09,2016-10-09,2,6
488,921.0,4,2016-10-06,2016-10-09,2016-10-08,2,6
489,899.0,4,2016-10-06,2016-10-08,2016-10-08,3,8
490,876.0,4,2016-10-07,2016-10-10,2016-10-09,2,6
491,1048.0,4,2016-10-08,2016-10-10,2016-10-11,1,2
492,191.0,4,2016-10-09,2016-10-10,2016-10-12,1,2
493,796.0,4,2016-10-09,2016-10-12,2016-10-11,1,3
494,875.0,4,2016-10-09,2016-10-10,2016-10-11,2,6
495,712.0,4,2016-10-10,2016-10-12,2016-10-13,1,3
496,193.0,4,2016-10-10,2016-10-12,2016-10-11,2,6
497,785.0,4,2016-10-10,2016-10-11,2016-10-11,2,6
498,1331.0,4,2016-10-10,2016-10-12,2016-10-11,2,6
499,260.0,4,2016-10-11,2016-10-14,2016-10-13,1,2
500,148.0,4,2016-10-11,2016-10-12,2016-10-13,2,6
501,977.0,4,2016-10-11,2016-10-12,2016-10-13,2,7
502,401.0,4,2016-10-12,2016-10-13,2016-10-13,3,9
503,932.0,4,2016-10-13,2016-10-16,2016-10-14,2,6
504,1381.0,4,2016-10-14,2016-10-15,2016-10-15,1,2
505,721.0,4,2016-10-14,2016-10-16,2016-10-17,2,6
506,831.0,4,2016-10-14,2016-10-16,2016-10-16,2,6
507,1378.0,4,2016-10-15,2016-10-17,2016-10-17,1,3
508,1359.0,4,2016-10-15,2016-10-18,2016-10-18,2,6
509,235.0,4,2016-10-16,2016-10-17,2016-10-17,2,7
510,586.0,4,2016-10-17,2016-10-18,2016-10-18,2,7
511,377.0,4,2016-10-18,2016-10-20,2016-10-19,2,7
512,8.0,4,2016-10-19,2016-10-22,2016-10-20,2,7
513,155.0,4,2016-10-19,2016-10-21,2016-10-21,2,6
514,927.0,4,2016-10-19,2016-10-21,2016-10-20,2,7
515,986.0,4,2016-10-19,2016-10-20,2016-10-22,2,6
516,111.0,4,2016-10-21,2016-10-23,2016-10-24,2,6
517,613.0,4,2016-10-21,2016-10-22,2016-10-24,2,6
518,1374.0,4,2016-10-22,2016-10-24,2016-10-25,1,2
519,54.0,4,2016-10-22,2016-10-23,2016-10-24,2,7
520,639.0,4,2016-10-23,2016-10-26,2016-10-24,2,7
521,664.0,4,2016-10-23,2016-10-25,2016-10-25,2,6
522,724.0,4,2016-10-23,2016-10-24,2016-10-24,2,7
523,1056.0,4,2016-10-24,2016-10-26,2016-10-27,2,6
524,569.0,4,2016-10-25,2016-10-26,2016-10-27,1,2
525,1315.0,4,2016-10-26,2016-10-28,2016-10-29,1,3
526,1096.0,4,2016-10-26,2016-10-28,2016-10-28,2,6
527,506.0,4,2016-10-27,2016-10-29,2016-10-28,1,2
528,676.0,4,2016-10-28,2016-10-31,2016-10-31,2,7
529,753.0,4,2016-10-28,2016-10-30,2016-10-31,2,7
530,773.0,4,2016-10-28,2016-10-31,2016-10-31,2,6
531,116.0,4,2016-10-28,2016-10-29,2016-10-30,3,8
532,817.0,4,2016-10-29,2016-10-31,2016-10-30,2,7
533,1334.0,4,2016-10-29,2016-11-01,2016-11-01,2,6
534,1406.0,4,2016-10-29,2016-10-30,2016-10-31,2,7
535,835.0,4,2016-10-29,2016-10-31,2016-11-01,3,9
536,759.0,4,2016-10-31,2016-11-02,2016-11-01,1,3
537,1353.0,4,2016-10-31,2016-11-01,2016-11-03,1,2
538,341.0,4,2016-11-02,2016-11-05,2016-11-05,2,6
539,1144.0,4,2016-11-02,2016-11-04,2016-11-03,2,7
540,1429.0,4,2016-11-03,2016-11-05,2016-11-06,1,3
541,1228.0,4,2016-11-04,2016-11-07,2016-11-07,1,3
542,313.0,4,2016-11-04,2016-11-06,2016-11-05,2,7
543,62.0,4,2016-11-06,2016-11-09,2016-11-08,2,6
544,321.0,4,2016-11-06,2016-11-07,2016-11-08,2,7
545,1108.0,4,2016-11-08,2016-11-10,2016-11-09,3,9
546,470.0,4,2016-11-09,2016-11-12,2016-11-10,2,7
547,20.0,4,2016-11-09,2016-11-11,2016-11-10,3,8
548,739.0,4,2016-11-11,2016-11-13,2016-11-13,2,7
549,64.0,3,2016-11-12,2016-11-12,,3,9
550,892.0,4,2016-11-12,2016-11-14,2016-11-15,2,7
551,1169.0,4,2016-11-12,2016-11-13,2016-11-13,2,6
552,1282.0,4,2016-11-12,2016-11-15,2016-11-13,2,7
553,913.0,4,2016-11-12,2016-11-13,2016-11-15,3,9
554,104.0,4,2016-11-13,2016-11-14,2016-11-16,1,3
555,212.0,4,2016-11-13,2016-11-14,2016-11-16,2,7
556,61.0,4,2016-11-13,2016-11-14,2016-11-15,3,9
557,1248.0,4,2016-11-14,2016-11-17,2016-11-15,2,6
558,1443.0,4,2016-11-15,2016-11-16,2016-11-17,2,7
559,959.0,4,2016-11-16,2016-11-17,2016-11-17,1,2
560,1405.0,4,2016-11-18,2016-11-19,2016-11-21,2,6
561,90.0,4,2016-11-19,2016-11-22,2016-11-22,2,6
562,942.0,4,2016-11-19,2016-11-20,2016-11-22,2,7
563,365.0,4,2016-11-20,2016-11-22,2016-11-21,2,6
564,1058.0,4,2016-11-20,2016-11-23,2016-11-22,2,7
565,894.0,4,2016-11-21,2016-11-22,2016-11-22,2,7
566,298.0,4,2016-11-22,2016-11-25,2016-11-23,1,3
567,1430.0,4,2016-11-22,2016-11-23,2016-11-23,1,2
568,1275.0,4,2016-11-23,2016-11-25,2016-11-24,1,3
569,707.0,4,2016-11-23,2016-11-24,2016-11-25,2,6
570,989.0,4,2016-11-23,2016-11-24,2016-11-25,2,6
571,5.0,4,2016-11-24,2016-11-25,2016-11-27,1,2
572,178.0,4,2016-11-24,2016-11-26,2016-11-26,2,6
573,423.0,4,2016-11-24,2016-11-26,2016-11-27,2,6
574,833.0,4,2016-11-26,2016-11-27,2016-11-29,2,7
575,33.0,4,2016-11-27,2016-11-28,2016-11-30,1,3
576,1272.0,4,2016-11-27,2016-11-30,2016-11-28,1,3
577,445.0,4,2016-11-27,2016-11-30,2016-11-29,2,6
578,819.0,4,2016-11-27,2016-11-28,2016-11-29,2,7
579,160.0,4,2016-11-27,2016-11-30,2016-11-29,3,8
580,581.0,4,2016-11-30,2016-12-02,2016-12-02,1,3
581,688.0,4,2016-12-03,2016-12-05,2016-12-06,1,3
582,32.0,3,2016-12-04,2016-12-04,,1,2
583,792.0,4,2016-12-04,2016-12-05,2016-12-07,2,7
584,1209.0,4,2016-12-04,2016-12-05,2016-12-05,2,7
585,1219.0,4,2016-12-04,2016-12-05,2016-12-05,2,7
586,1306.0,4,2016-12-04,2016-12-06,2016-12-05,2,6
587,487.0,4,2016-12-06,2016-12-08,2016-12-08,1,2
588,102.0,4,2016-12-06,2016-12-07,2016-12-07,2,7
589,719.0,4,2016-12-06,2016-12-07,2016-12-07,2,7
590,990.0,4,2016-12-06,2016-12-09,2016-12-07,2,7
591,1211.0,4,2016-12-06,2016-12-09,2016-12-09,2,7
592,1232.0,4,2016-12-06,2016-12-08,2016-12-08,2,7
593,50.0,4,2016-12-07,2016-12-10,2016-12-08,3,8
594,1318.0,4,2016-12-07,2016-12-08,2016-12-08,3,8
595,538.0,4,2016-12-08,2016-12-09,2016-12-11,1,2
596,952.0,4,2016-12-08,2016-12-09,2016-12-09,1,3
597,1121.0,4,2016-12-08,2016-12-09,2016-12-10,2,6
598,40.0,3,2016-12-09,2016-12-09,,1,3
599,1.0,4,2016-12-09,2016-12-10,2016-12-12,2,6
600,624.0,4,2016-12-09,2016-12-12,2016-12-11,2,7
601,683.0,4,2016-12-09,2016-12-10,2016-12-10,2,6
602,823.0,4,2016-12-09,2016-12-10,2016-12-11,2,6
603,1032.0,4,2016-12-09,2016-12-10,2016-12-10,2,7
604,96.0,4,2016-12-10,2016-12-13,2016-12-12,2,7
605,1208.0,4,2016-12-10,2016-12-11,2016-12-12,2,6
606,18.0,4,2016-12-11,2016-12-12,2016-12-13,2,7
607,309.0,4,2016-12-11,2016-12-14,2016-12-13,2,6
608,1103.0,4,2016-12-12,2016-12-15,2016-12-14,1,3
609,896.0,4,2016-12-12,2016-12-13,2016-12-14,2,7
610,711.0,4,2016-12-13,2016-12-15,2016-12-14,2,6
611,1073.0,4,2016-12-15,2016-12-17,2016-12-18,2,7
612,634.0,4,2016-12-16,2016-12-17,2016-12-17,2,7
613,1159.0,4,2016-12-17,2016-12-19,2016-12-19,2,7
614,654.0,4,2016-12-18,2016-12-21,2016-12-21,1,2
615,560.0,4,2016-12-19,2016-12-22,2016-12-21,3,9
616,1444.0,4,2016-12-20,2016-12-23,2016-12-23,2,6
617,118.0,4,2016-12-21,2016-12-23,2016-12-23,2,7
618,131.0,4,2016-12-21,2016-12-22,2016-12-22,2,6
619,454.0,4,2016-12-22,2016-12-25,2016-12-25,2,7
620,466.0,4,2016-12-22,2016-12-24,2016-12-24,2,6
621,1157.0,4,2016-12-23,2016-12-25,2016-12-24,2,6
622,1398.0,4,2016-12-23,2016-12-26,2016-12-25,2,7
623,678.0,4,2016-12-24,2016-12-26,2016-12-27,2,6
624,814.0,4,2016-12-24,2016-12-25,2016-12-27,2,6
625,1163.0,4,2016-12-25,2016-12-28,2016-12-26,1,2
626,130.0,4,2016-12-25,2016-12-28,2016-12-27,2,7
627,1119.0,4,2016-12-25,2016-12-26,2016-12-28,2,6
628,561.0,4,2016-12-26,2016-12-29,2016-12-27,1,3
629,973.0,4,2016-12-26,2016-12-27,2016-12-29,1,2
630,1404.0,4,2016-12-26,2016-12-27,2016-12-28,2,6
631,855.0,4,2016-12-27,2016-12-29,2016-12-29,1,3
632,163.0,4,2016-12-27,2016-12-29,2016-12-29,2,7
633,1040.0,4,2016-12-28,2016-12-31,2016-12-30,3,8
634,27.0,4,2016-12-29,2017-01-01,2016-12-30,2,6
635,520.0,4,2016-12-30,2017-01-02,2016-12-31,2,6
636,532.0,4,2017-01-03,2017-01-04,2017-01-05,1,2
637,512.0,4,2017-01-03,2017-01-05,2017-01-05,2,6
638,1302.0,4,2017-01-04,2017-01-05,2017-01-06,2,7
639,550.0,4,2017-01-06,2017-01-07,2017-01-07,2,6
640,1093.0,4,2017-01-06,2017-01-08,2017-01-07,2,6
641,673.0,4,2017-01-07,2017-01-10,2017-01-08,1,3
642,847.0,4,2017-01-07,2017-01-09,2017-01-10,2,7
643,901.0,4,2017-01-08,2017-01-09,2017-01-11,1,3
644,439.0,4,2017-01-08,2017-01-11,2017-01-10,2,6
645,1199.0,4,2017-01-08,2017-01-11,2017-01-10,2,6
646,975.0,4,2017-01-09,2017-01-12,2017-01-11,1,2
647,283.0,4,2017-01-09,2017-01-10,2017-01-11,2,7
648,684.0,4,2017-01-09,2017-01-11,2017-01-11,2,6
649,1153.0,4,2017-01-10,2017-01-11,2017-01-13,1,3
650,729.0,4,2017-01-11,2017-01-14,2017-01-12,1,2
651,190.0,4,2017-01-11,2017-01-13,2017-01-13,2,7
652,985.0,4,2017-01-12,2017-01-15,2017-01-13,3,9
653,1249.0,4,2017-01-14,2017-01-17,2017-01-15,1,2
654,1129.0,4,2017-01-14,2017-01-15,2017-01-17,2,7
655,347.0,4,2017-01-16,2017-01-17,2017-01-18,1,3
656,949.0,4,2017-01-16,2017-01-17,2017-01-18,2,7
657,349.0,4,2017-01-17,2017-01-19,2017-01-20,1,2
658,1051.0,4,2017-01-17,2017-01-18,2017-01-18,2,7
659,1391.0,4,2017-01-17,2017-01-19,2017-01-18,2,7
660,383.0,4,2017-01-18,2017-01-19,2017-01-19,2,7
661,626.0,4,2017-01-18,2017-01-19,2017-01-20,2,6
662,1125.0,4,2017-01-19,2017-01-20,2017-01-20,1,3
663,344.0,4,2017-01-20,2017-01-22,2017-01-23,1,3
664,681.0,4,2017-01-20,2017-01-23,2017-01-22,2,7
665,29.0,4,2017-01-21,2017-01-22,2017-01-23,2,6
666,770.0,4,2017-01-21,2017-01-22,2017-01-24,2,7
667,858.0,4,2017-01-22,2017-01-24,2017-01-25,2,7
668,297.0,4,2017-01-22,2017-01-23,2017-01-24,3,8
669,745.0,4,2017-01-23,2017-01-24,2017-01-26,2,7
670,361.0,4,2017-01-24,2017-01-25,2017-01-25,2,6
671,922.0,4,2017-01-25,2017-01-28,2017-01-26,2,7
672,908.0,4,2017-01-26,2017-01-29,2017-01-29,2,6
673,64.0,4,2017-01-26,2017-01-28,2017-01-27,3,9
674,733.0,4,2017-01-27,2017-01-28,2017-01-29,2,6
675,291.0,4,2017-01-28,2017-01-31,2017-01-30,2,7
676,790.0,4,2017-01-28,2017-01-30,2017-01-31,2,7
677,809.0,4,2017-01-28,2017-01-31,2017-01-30,2,7
678,250.0,4,2017-01-28,2017-01-29,2017-01-31,3,9
679,81.0,4,2017-01-29,2017-01-30,2017-01-30,1,3
680,245.0,4,2017-01-29,2017-02-01,2017-01-30,1,3
681,499.0,4,2017-01-29,2017-02-01,2017-01-31,2,7
682,614.0,4,2017-01-29,2017-01-30,2017-01-30,2,6
683,741.0,4,2017-01-29,2017-01-31,2017-02-01,2,6
684,762.0,4,2017-01-31,2017-02-01,2017-02-02,2,6
685,976.0,4,2017-01-31,2017-02-03,2017-02-02,2,7
686,380.0,4,2017-02-01,2017-02-03,2017-02-04,2,7
687,530.0,4,2017-02-02,2017-02-05,2017-02-04,1,3
688,343.0,4,2017-02-02,2017-02-03,2017-02-05,2,7
689,884.0,4,2017-02-02,2017-02-03,2017-02-05,2,7
690,1097.0,4,2017-02-03,2017-02-04,2017-02-06,1,2
691,1081.0,4,2017-02-04,2017-02-06,2017-02-06,2,7
692,2.0,3,2017-02-05,2017-02-05,,1,3
693,1233.0,4,2017-02-05,2017-02-07,2017-02-06,1,3
694,58.0,4,2017-02-05,2017-02-06,2017-02-08,2,7
695,606.0,4,2017-02-05,2017-02-08,2017-02-07,2,7
696,1242.0,4,2017-02-05,2017-02-08,2017-02-08,2,7
697,562.0,4,2017-02-06,2017-02-08,2017-02-09,1,2
698,543.0,4,2017-02-06,2017-02-08,2017-02-09,3,8
699,958.0,4,2017-02-06,2017-02-08,2017-02-09,3,9
700,4.0,4,2017-02-07,2017-02-10,2017-02-08,2,6
701,850.0,4,2017-02-07,2017-02-08,2017-02-09,3,9
702,1352.0,4,2017-02-08,2017-02-09,2017-02-11,1,3
703,417.0,4,2017-02-08,2017-02-09,2017-02-09,2,7
704,1137.0,4,2017-02-08,2017-02-09,2017-02-11,2,6
705,1196.0,4,2017-02-08,2017-02-11,2017-02-11,2,7
706,1271.0,4,2017-02-09,2017-02-12,2017-02-10,1,2
707,79.0,4,2017-02-09,2017-02-11,2017-02-11,2,7
708,660.0,4,2017-02-10,2017-02-12,2017-02-11,1,2
709,1162.0,4,2017-02-11,2017-02-13,2017-02-12,2,6
710,295.0,4,2017-02-13,2017-02-15,2017-02-16,2,6
711,1246.0,4,2017-02-13,2017-02-16,2017-02-14,2,6
712,173.0,4,2017-02-13,2017-02-14,2017-02-16,3,9
713,207.0,4,2017-02-13,2017-02-14,2017-02-15,3,8
714,805.0,4,2017-02-14,2017-02-17,2017-02-15,2,7
715,12.0,3,2017-02-15,2017-02-15,,2,6
716,672.0,4,2017-02-15,2017-02-17,2017-02-18,2,6
717,1312.0,4,2017-02-15,2017-02-18,2017-02-17,2,6
718,38.0,4,2017-02-16,2017-02-17,2017-02-17,2,7
719,200.0,4,2017-02-16,2017-02-19,2017-02-18,2,6
720,382.0,4,2017-02-16,2017-02-19,2017-02-19,2,6
721,625.0,4,2017-02-16,2017-02-19,2017-02-17,2,7
722,1399.0,4,2017-02-18,2017-02-20,2017-02-21,2,7
723,845.0,4,2017-02-19,2017-02-21,2017-02-22,2,6
724,864.0,4,2017-02-19,2017-02-22,2017-02-21,2,6
725,870.0,4,2017-02-19,2017-02-22,2017-02-22,2,7
726,969.0,4,2017-02-19,2017-02-22,2017-02-20,2,6
727,962.0,4,2017-02-19,2017-02-22,2017-02-21,3,9
728,1138.0,4,2017-02-20,2017-02-21,2017-02-23,1,3
729,897.0,4,2017-02-20,2017-02-22,2017-02-21,2,7
730,500.0,4,2017-02-21,2017-02-24,2017-02-22,2,6
731,910.0,4,2017-02-25,2017-02-27,2017-02-27,3,9
732,147.0,4,2017-02-26,2017-02-27,2017-03-01,2,7
733,832.0,4,2017-02-26,2017-03-01,2017-02-27,2,7
734,939.0,4,2017-02-26,2017-02-28,2017-03-01,3,9
735,20.0,3,2017-02-27,2017-02-27,,3,9
736,184.0,4,2017-02-27,2017-02-28,2017-02-28,2,7
737,694.0,4,2017-02-27,2017-03-01,2017-02-28,2,6
738,124.0,4,2017-02-28,2017-03-01,2017-03-03,1,2
739,49.0,4,2017-02-28,2017-03-01,2017-03-02,2,6
740,1113.0,4,2017-02-28,2017-03-01,2017-03-02,2,6
741,119.0,4,2017-02-28,2017-03-01,2017-03-01,3,8
742,433.0,4,2017-02-28,2017-03-01,2017-03-01,3,9
743,137.0,4,2017-03-01,2017-03-04,2017-03-04,2,6
744,166.0,4,2017-03-01,2017-03-02,2017-03-02,2,7
745,698.0,4,2017-03-01,2017-03-03,2017-03-03,2,7
746,391.0,4,2017-03-02,2017-03-04,2017-03-05,1,3
747,87.0,4,2017-03-03,2017-03-04,2017-03-05,1,3
748,1072.0,4,2017-03-03,2017-03-05,2017-03-04,3,8
749,255.0,4,2017-03-04,2017-03-07,2017-03-05,2,7
750,232.0,4,2017-03-04,2017-03-07,2017-03-05,3,8
751,731.0,4,2017-03-05,2017-03-08,2017-03-07,1,3
752,335.0,4,2017-03-05,2017-03-06,2017-03-07,2,6
753,1201.0,4,2017-03-05,2017-03-08,2017-03-08,2,7
754,646.0,4,2017-03-06,2017-03-07,2017-03-08,1,2
755,531.0,4,2017-03-06,2017-03-07,2017-03-07,2,6
756,1143.0,4,2017-03-06,2017-03-07,2017-03-09,2,6
757,1336.0,4,2017-03-06,2017-03-08,2017-03-09,2,7
758,953.0,4,2017-03-06,2017-03-08,2017-03-07,3,9
759,284.0,4,2017-03-07,2017-03-09,2017-03-08,2,7
760,1104.0,4,2017-03-07,2017-03-10,2017-03-10,2,6
761,1291.0,4,2017-03-07,2017-03-08,2017-03-10,2,7
762,572.0,4,2017-03-08,2017-03-09,2017-03-09,2,6
763,842.0,4,2017-03-08,2017-03-10,2017-03-09,3,9
764,701.0,4,2017-03-09,2017-03-10,2017-03-12,1,2
765,1152.0,4,2017-03-09,2017-03-11,2017-03-12,1,2
766,141.0,4,2017-03-09,2017-03-11,2017-03-12,2,6
767,564.0,4,2017-03-09,2017-03-10,2017-03-11,2,7
768,841.0,4,2017-03-09,2017-03-12,2017-03-10,2,7
769,946.0,4,2017-03-09,2017-03-11,2017-03-11,2,6
770,135.0,4,2017-03-09,2017-03-11,2017-03-11,3,9
771,671.0,4,2017-03-11,2017-03-14,2017-03-12,1,3
772,448.0,4,2017-03-11,2017-03-12,2017-03-13,2,7
773,1385.0,4,2017-03-11,2017-03-12,2017-03-12,2,6
774,690.0,4,2017-03-12,2017-03-14,2017-03-14,2,6
775,968.0,4,2017-03-12,2017-03-13,2017-03-13,2,6
776,490.0,4,2017-03-13,2017-03-15,2017-03-16,2,6
777,496.0,4,2017-03-13,2017-03-16,2017-03-16,2,6
778,56.0,3,2017-03-15,2017-03-15,,3,9
779,367.0,4,2017-03-15,2017-03-16,2017-03-18,2,6
780,592.0,4,2017-03-15,2017-03-17,2017-03-17,2,6
781,1018.0,4,2017-03-15,2017-03-16,2017-03-17,2,6
782,1298.0,4,2017-03-15,2017-03-16,2017-03-18,2,7
783,1343.0,4,2017-03-16,2017-03-19,2017-03-17,1,2
784,430.0,4,2017-03-16,2017-03-19,2017-03-19,2,7
785,794.0,4,2017-03-18,2017-03-19,2017-03-20,1,2
786,249.0,4,2017-03-18,2017-03-20,2017-03-19,2,6
787,700.0,4,2017-03-18,2017-03-20,2017-03-19,3,9
788,1363.0,4,2017-03-18,2017-03-20,2017-03-20,3,9
789,772.0,4,2017-03-19,2017-03-20,2017-03-20,2,6
790,1015.0,4,2017-03-19,2017-03-21,2017-03-22,2,7
791,432.0,4,2017-03-20,2017-03-22,2017-03-23,2,6
792,479.0,4,2017-03-22,2017-03-23,2017-03-24,2,6
793,653.0,4,2017-03-23,2017-03-24,2017-03-24,2,6
794,863.0,4,2017-03-23,2017-03-25,2017-03-24,2,7
795,992.0,4,2017-03-23,2017-03-25,2017-03-26,2,7
796,154.0,4,2017-03-23,2017-03-26,2017-03-25,3,9
797,374.0,4,2017-03-24,2017-03-26,2017-03-26,2,7
798,619.0,4,2017-03-26,2017-03-28,2017-03-29,1,3
799,607.0,4,2017-03-27,2017-03-28,2017-03-29,1,3
800,1057.0,4,2017-03-27,2017-03-29,2017-03-28,2,6
801,78.0,4,2017-03-28,2017-03-29,2017-03-30,1,2
802,340.0,4,2017-03-28,2017-03-29,2017-03-30,2,6
803,1105.0,4,2017-03-28,2017-03-31,2017-03-30,3,8
804,95.0,4,2017-03-29,2017-03-31,2017-03-30,2,6
805,420.0,4,2017-03-29,2017-03-30,2017-04-01,2,6
806,234.0,4,2017-03-30,2017-03-31,2017-03-31,2,7
807,1148.0,4,2017-03-30,2017-04-01,2017-04-02,2,6
808,315.0,4,2017-03-31,2017-04-02,2017-04-02,2,6
809,1222.0,4,2017-03-31,2017-04-03,2017-04-03,2,7
810,153.0,3,2017-04-01,2017-04-01,,3,8
811,524.0,4,2017-04-01,2017-04-04,2017-04-04,2,7
812,1164.0,4,2017-04-01,2017-04-02,2017-04-03,2,7
813,1203.0,4,2017-04-01,2017-04-03,2017-04-02,3,9
814,629.0,4,2017-04-02,2017-04-05,2017-04-03,2,7
815,1251.0,4,2017-04-03,2017-04-05,2017-04-04,1,3
816,811.0,4,2017-04-03,2017-04-05,2017-04-05,2,6
817,301.0,4,2017-04-04,2017-04-05,2017-04-07,2,7
818,1319.0,4,2017-04-04,2017-04-07,2017-04-07,2,6
819,221.0,4,2017-04-04,2017-04-07,2017-04-05,3,9
820,725.0,4,2017-04-05,2017-04-08,2017-04-07,2,7
821,1181.0,4,2017-04-05,2017-04-07,2017-04-08,2,7
822,294.0,4,2017-04-06,2017-04-08,2017-04-09,2,7
823,415.0,4,2017-04-06,2017-04-07,2017-04-08,3,8
824,993.0,4,2017-04-07,2017-04-09,2017-04-10,1,2
825,10.0,4,2017-04-07,2017-04-08,2017-04-09,2,7
826,45.0,4,2017-04-07,2017-04-10,2017-04-10,2,6
827,666.0,4,2017-04-07,2017-04-10,2017-04-10,2,7
828,246.0,4,2017-04-09,2017-04-10,2017-04-12,2,6
829,674.0,4,2017-04-09,2017-04-10,2017-04-10,2,7
830,431.0,4,2017-04-11,2017-04-14,2017-04-12,2,6
831,1000.0,4,2017-04-11,2017-04-12,2017-04-12,2,7
832,1215.0,4,2017-04-11,2017-04-12,2017-04-12,2,7
833,406.0,4,2017-04-12,2017-04-14,2017-04-15,2,7
834,890.0,4,2017-04-12,2017-04-13,2017-04-15,2,6
835,940.0,4,2017-04-13,2017-04-15,2017-04-14,1,2
836,455.0,4,2017-04-13,2017-04-16,2017-04-14,2,6
837,948.0,4,2017-04-13,2017-04-16,2017-04-14,2,7
838,1395.0,4,2017-04-14,2017-04-17,2017-04-15,2,7
839,1332.0,4,2017-04-15,2017-04-18,2017-04-16,1,3
840,372.0,4,2017-04-15,2017-04-16,2017-04-16,2,6
841,428.0,4,2017-04-15,2017-04-18,2017-04-17,2,7
842,1133.0,4,2017-04-15,2017-04-18,2017-04-16,2,6
843,1059.0,4,2017-04-16,2017-04-17,2017-04-19,2,7
844,1436.0,4,2017-04-16,2017-04-17,2017-04-18,2,6
845,662.0,4,2017-04-17,2017-04-18,2017-04-18,2,7
846,715.0,4,2017-04-17,2017-04-19,2017-04-19,2,6
847,329.0,4,2017-04-18,2017-04-19,2017-04-19,2,7
848,597.0,4,2017-04-18,2017-04-20,2017-04-20,2,7
849,776.0,4,2017-04-19,2017-04-20,2017-04-21,1,2
850,1346.0,4,2017-04-19,2017-04-22,2017-04-22,1,3
851,1139.0,4,2017-04-20,2017-04-21,2017-04-22,2,6
852,13.0,4,2017-04-21,2017-04-23,2017-04-22,3,9
853,883.0,4,2017-04-21,2017-04-24,2017-04-24,3,8
854,177.0,4,2017-04-22,2017-04-25,2017-04-23,2,6
855,775.0,4,2017-04-22,2017-04-23,2017-04-25,2,6
856,477.0,4,2017-04-23,2017-04-25,2017-04-26,2,6
857,1402.0,4,2017-04-24,2017-04-25,2017-04-26,2,7
858,162.0,4,2017-04-25,2017-04-27,2017-04-28,2,6
859,644.0,4,2017-04-25,2017-04-26,2017-04-26,2,6
860,473.0,4,2017-04-27,2017-04-29,2017-04-28,2,7
861,1177.0,4,2017-04-27,2017-04-29,2017-04-30,2,7
862,1230.0,4,2017-04-27,2017-04-30,2017-04-29,3,8
863,446.0,4,2017-04-28,2017-04-30,2017-05-01,2,7
864,902.0,4,2017-04-28,2017-04-30,2017-04-29,2,6
865,974.0,4,2017-04-29,2017-05-02,2017-05-01,2,6
866,1410.0,4,2017-04-29,2017-04-30,2017-05-01,2,6
867,97.0,4,2017-05-01,2017-05-03,2017-05-02,1,3
868,868.0,4,2017-05-01,2017-05-04,2017-05-02,1,3
869,844.0,4,2017-05-01,2017-05-04,2017-05-02,2,7
870,1416.0,4,2017-05-01,2017-05-04,2017-05-02,2,6
871,358.0,4,2017-05-02,2017-05-04,2017-05-03,2,7
872,394.0,4,2017-05-03,2017-05-06,2017-05-06,1,3
873,829.0,4,2017-05-03,2017-05-05,2017-05-05,2,7
874,661.0,4,2017-05-04,2017-05-05,2017-05-06,2,7
875,386.0,4,2017-05-05,2017-05-06,2017-05-08,1,3
876,1046.0,4,2017-05-05,2017-05-08,2017-05-06,2,7
877,784.0,4,2017-05-06,2017-05-07,2017-05-08,2,6
878,224.0,4,2017-05-07,2017-05-10,2017-05-09,1,3
879,214.0,4,2017-05-08,2017-05-09,2017-05-09,2,7
880,1206.0,4,2017-05-08,2017-05-11,2017-05-10,2,6
881,1024.0,4,2017-05-08,2017-05-11,2017-05-11,3,9
882,196.0,4,2017-05-09,2017-05-12,2017-05-10,2,6
883,507.0,4,2017-05-11,2017-05-13,2017-05-14,2,6
884,871.0,4,2017-05-11,2017-05-13,2017-05-12,2,7
885,66.0,3,2017-05-13,2017-05-13,,3,8
886,1396.0,4,2017-05-13,2017-05-14,2017-05-15,1,2
887,1195.0,4,2017-05-13,2017-05-15,2017-05-15,2,6
888,1038.0,4,2017-05-14,2017-05-16,2017-05-16,2,7
889,830.0,4,2017-05-14,2017-05-17,2017-05-15,3,8
890,171.0,4,2017-05-15,2017-05-18,2017-05-18,2,6
891,384.0,4,2017-05-15,2017-05-18,2017-05-16,2,6
892,651.0,4,2017-05-15,2017-05-18,2017-05-17,2,7
893,1293.0,4,2017-05-16,2017-05-19,2017-05-19,2,7
894,1320.0,4,2017-05-16,2017-05-19,2017-05-19,2,6
895,857.0,4,2017-05-18,2017-05-21,2017-05-19,2,6
896,376.0,4,2017-05-19,2017-05-22,2017-05-21,3,9
897,47.0,4,2017-05-20,2017-05-21,2017-05-21,1,2
898,352.0,4,2017-05-20,2017-05-21,2017-05-22,2,6
899,605.0,4,2017-05-20,2017-05-21,2017-05-21,2,7
900,971.0,4,2017-05-20,2017-05-21,2017-05-22,2,6
901,345.0,4,2017-05-21,2017-05-22,2017-05-24,2,7
902,1278.0,4,2017-05-21,2017-05-24,2017-05-22,2,6
903,179.0,4,2017-05-22,2017-05-23,2017-05-24,2,7
904,1020.0,4,2017-05-23,2017-05-26,2017-05-24,1,2
905,609.0,4,2017-05-23,2017-05-26,2017-05-24,2,6
906,877.0,4,2017-05-23,2017-05-26,2017-05-26,2,7
907,120.0,4,2017-05-24,2017-05-26,2017-05-27,1,2
908,402.0,4,2017-05-25,2017-05-28,2017-05-27,2,7
909,188.0,4,2017-05-26,2017-05-27,2017-05-28,1,2
910,342.0,4,2017-05-26,2017-05-28,2017-05-28,2,7
911,887.0,4,2017-05-26,2017-05-29,2017-05-29,2,6
912,519.0,4,2017-05-27,2017-05-29,2017-05-29,1,2
913,699.0,4,2017-05-27,2017-05-29,2017-05-29,2,6
914,1068.0,4,2017-05-28,2017-05-31,2017-05-31,1,2
915,215.0,4,2017-05-28,2017-05-30,2017-05-30,2,6
916,718.0,4,2017-05-28,2017-05-29,2017-05-29,2,6
917,881.0,4,2017-05-29,2017-05-31,2017-06-01,1,2
918,242.0,4,2017-05-30,2017-05-31,2017-05-31,1,3
919,781.0,4,2017-05-30,2017-05-31,2017-05-31,2,7
920,966.0,4,2017-05-30,2017-06-01,2017-06-02,2,7
921,628.0,4,2017-05-31,2017-06-02,2017-06-02,2,6
922,656.0,4,2017-05-31,2017-06-01,2017-06-03,2,6
923,769.0,4,2017-05-31,2017-06-03,2017-06-02,2,7
924,68.0,3,2017-06-02,2017-06-02,,3,8
925,1316.0,4,2017-06-02,2017-06-05,2017-06-03,2,7
926,233.0,4,2017-06-03,2017-06-05,2017-06-06,1,2
927,1438.0,4,2017-06-03,2017-06-05,2017-06-06,1,2
928,957.0,4,2017-06-05,2017-06-06,2017-06-06,1,3
929,472.0,4,2017-06-05,2017-06-06,2017-06-08,2,6
930,1224.0,4,2017-06-05,2017-06-06,2017-06-06,3,9
931,631.0,4,2017-06-07,2017-06-08,2017-06-08,2,6
932,804.0,4,2017-06-07,2017-06-08,2017-06-09,2,6
933,909.0,4,2017-06-07,2017-06-10,2017-06-08,2,6
934,93.0,4,2017-06-09,2017-06-10,2017-06-12,2,7
935,43.0,3,2017-06-10,2017-06-10,,3,8
936,265.0,4,2017-06-10,2017-06-13,2017-06-12,2,6
937,73.0,4,2017-06-11,2017-06-14,2017-06-13,2,7
938,129.0,4,2017-06-11,2017-06-12,2017-06-12,2,6
939,1407.0,4,2017-06-11,2017-06-12,2017-06-14,2,6
940,585.0,4,2017-06-12,2017-06-14,2017-06-13,1,2
941,736.0,4,2017-06-12,2017-06-14,2017-06-14,1,2
942,537.0,4,2017-06-13,2017-06-16,2017-06-15,2,6
943,1025.0,4,2017-06-13,2017-06-15,2017-06-15,2,6
944,138.0,4,2017-06-14,2017-06-15,2017-06-17,1,3
945,167.0,4,2017-06-14,2017-06-15,2017-06-16,2,7
946,525.0,4,2017-06-14,2017-06-16,2017-06-15,2,6
947,278.0,4,2017-06-15,2017-06-18,2017-06-17,1,3
948,618.0,4,2017-06-15,2017-06-17,2017-06-17,2,6
949,867.0,4,2017-06-16,2017-06-18,2017-06-17,1,3
950,142.0,4,2017-06-16,2017-06-19,2017-06-18,2,6
951,339.0,4,2017-06-16,2017-06-19,2017-06-19,2,7
952,355.0,4,2017-06-16,2017-06-18,2017-06-18,2,7
953,658.0,4,2017-06-16,2017-06-18,2017-06-17,2,7
954,611.0,4,2017-06-17,2017-06-20,2017-06-20,2,6
955,880.0,4,2017-06-17,2017-06-19,2017-06-18,2,6
956,1184.0,4,2017-06-17,2017-06-19,2017-06-20,2,6
957,722.0,4,2017-06-17,2017-06-20,2017-06-20,3,9
958,1276.0,4,2017-06-18,2017-06-20,2017-06-19,1,2
959,650.0,4,2017-06-18,2017-06-21,2017-06-21,2,7
960,1390.0,4,2017-06-18,2017-06-19,2017-06-19,2,7
961,82.0,4,2017-06-19,2017-06-21,2017-06-22,1,2
962,570.0,4,2017-06-19,2017-06-22,2017-06-20,2,7
963,1432.0,4,2017-06-19,2017-06-21,2017-06-21,2,6
964,404.0,4,2017-06-20,2017-06-22,2017-06-22,2,7
965,457.0,4,2017-06-20,2017-06-22,2017-06-23,2,6
966,389.0,4,2017-06-20,2017-06-22,2017-06-22,3,8
967,1323.0,4,2017-06-21,2017-06-24,2017-06-24,2,6
968,1403.0,4,2017-06-21,2017-06-23,2017-06-23,2,6
969,248.0,4,2017-06-21,2017-06-24,2017-06-22,3,9
970,836.0,4,2017-06-22,2017-06-25,2017-06-23,2,7
971,1426.0,4,2017-06-22,2017-06-23,2017-06-24,3,8
972,270.0,4,2017-06-23,2017-06-24,2017-06-25,2,7
973,238.0,4,2017-06-24,2017-06-27,2017-06-27,2,6
974,511.0,4,2017-06-24,2017-06-27,2017-06-27,3,8
975,1092.0,4,2017-06-25,2017-06-27,2017-06-28,2,6
976,1266.0,4,2017-06-25,2017-06-28,2017-06-27,3,9
977,400.0,4,2017-06-26,2017-06-28,2017-06-27,2,7
978,1123.0,4,2017-06-26,2017-06-28,2017-06-27,2,6
979,1190.0,4,2017-06-26,2017-06-29,2017-06-27,2,6
980,328.0,4,2017-06-26,2017-06-28,2017-06-27,3,9
981,687.0,4,2017-06-26,2017-06-29,2017-06-28,3,8
982,1423.0,4,2017-06-26,2017-06-29,2017-06-28,3,9
983,1158.0,4,2017-06-27,2017-06-28,2017-06-29,2,6
984,1287.0,4,2017-06-27,2017-06-28,2017-06-29,2,7
985,461.0,4,2017-06-30,2017-07-02,2017-07-01,2,6
986,556.0,4,2017-06-30,2017-07-03,2017-07-01,2,7
987,172.0,4,2017-07-02,2017-07-04,2017-07-04,1,2
988,436.0,4,2017-07-02,2017-07-04,2017-07-05,2,6
989,1145.0,4,2017-07-02,2017-07-04,2017-07-03,2,6
990,706.0,4,2017-07-04,2017-07-07,2017-07-07,2,7
991,751.0,4,2017-07-06,2017-07-07,2017-07-09,1,2
992,723.0,4,2017-07-07,2017-07-10,2017-07-09,2,7
993,1415.0,4,2017-07-09,2017-07-11,2017-07-11,1,3
994,419.0,4,2017-07-09,2017-07-11,2017-07-11,2,7
995,621.0,4,2017-07-11,2017-07-13,2017-07-14,1,2
996,915.0,4,2017-07-11,2017-07-12,2017-07-12,1,2
997,485.0,4,2017-07-11,2017-07-13,2017-07-14,2,7
998,219.0,4,2017-07-12,2017-07-13,2017-07-14,2,7
999,590.0,4,2017-07-12,2017-07-13,2017-07-14,2,6
1000,645.0,4,2017-07-12,2017-07-14,2017-07-15,2,7
1001,354.0,4,2017-07-13,2017-07-16,2017-07-15,2,6
1002,1418.0,4,2017-07-14,2017-07-16,2017-07-16,1,3
1003,503.0,4,2017-07-14,2017-07-16,2017-07-16,2,7
1004,1389.0,4,2017-07-14,2017-07-17,2017-07-16,2,6
1005,266.0,4,2017-07-15,2017-07-17,2017-07-16,2,7
1006,1070.0,4,2017-07-15,2017-07-18,2017-07-17,2,7
1007,1115.0,4,2017-07-16,2017-07-17,2017-07-17,2,6
1008,1345.0,4,2017-07-16,2017-07-18,2017-07-18,2,6
1009,1064.0,4,2017-07-16,2017-07-19,2017-07-19,3,8
1010,8.0,3,2017-07-18,2017-07-18,,2,7
1011,495.0,4,2017-07-18,2017-07-21,2017-07-21,1,3
1012,620.0,4,2017-07-18,2017-07-20,2017-07-20,2,7
1013,174.0,4,2017-07-19,2017-07-22,2017-07-21,2,6
1014,748.0,4,2017-07-19,2017-07-21,2017-07-21,2,6
1015,799.0,4,2017-07-19,2017-07-22,2017-07-21,2,7
1016,1417.0,4,2017-07-19,2017-07-20,2017-07-21,3,9
1017,168.0,4,2017-07-20,2017-07-21,2017-07-23,2,6
1018,290.0,4,2017-07-22,2017-07-23,2017-07-23,2,6
1019,408.0,4,2017-07-22,2017-07-23,2017-07-24,2,7
1020,16.0,3,2017-07-23,2017-07-23,,2,6
1021,125.0,4,2017-07-23,2017-07-24,2017-07-26,2,6
1022,353.0,4,2017-07-23,2017-07-26,2017-07-24,2,7
1023,356.0,4,2017-07-23,2017-07-26,2017-07-25,2,6
1024,837.0,4,2017-07-23,2017-07-25,2017-07-26,2,7
1025,1304.0,4,2017-07-23,2017-07-26,2017-07-26,2,6
1026,1370.0,4,2017-07-26,2017-07-28,2017-07-29,1,2
1027,588.0,4,2017-07-26,2017-07-28,2017-07-28,2,6
1028,1273.0,4,2017-07-27,2017-07-28,2017-07-30,2,7
1029,407.0,4,2017-07-29,2017-07-30,2017-08-01,1,3
1030,161.0,4,2017-07-29,2017-07-30,2017-07-31,2,6
1031,1308.0,4,2017-07-30,2017-08-01,2017-08-02,1,2
1032,429.0,4,2017-07-30,2017-08-02,2017-08-01,2,6
1033,582.0,4,2017-07-30,2017-07-31,2017-08-02,2,7
1034,895.0,4,2017-07-30,2017-07-31,2017-07-31,2,7
1035,1283.0,4,2017-07-30,2017-08-02,2017-08-02,2,6
1036,1442.0,4,2017-07-30,2017-08-01,2017-07-31,2,6
1037,1229.0,4,2017-07-31,2017-08-02,2017-08-03,2,6
1038,1281.0,4,2017-07-31,2017-08-01,2017-08-03,2,7
1039,1077.0,4,2017-08-02,2017-08-04,2017-08-03,2,7
1040,1225.0,4,2017-08-04,2017-08-07,2017-08-05,1,2
1041,70.0,4,2017-08-04,2017-08-06,2017-08-05,2,7
1042,539.0,4,2017-08-06,2017-08-07,2017-08-07,2,7
1043,1235.0,4,2017-08-06,2017-08-09,2017-08-08,2,6
1044,1270.0,4,2017-08-07,2017-08-10,2017-08-08,2,7
1045,185.0,4,2017-08-07,2017-08-09,2017-08-10,3,9
1046,1134.0,4,2017-08-07,2017-08-09,2017-08-08,3,8
1047,116.0,3,2017-08-08,2017-08-08,,3,8
1048,777.0,4,2017-08-08,2017-08-10,2017-08-09,2,7
1049,194.0,4,2017-08-09,2017-08-11,2017-08-10,1,2
1050,239.0,4,2017-08-09,2017-08-12,2017-08-12,1,3
1051,209.0,4,2017-08-10,2017-08-11,2017-08-11,2,7
1052,460.0,4,2017-08-10,2017-08-12,2017-08-13,2,6
1053,1439.0,4,2017-08-10,2017-08-11,2017-08-12,2,6
1054,189.0,4,2017-08-11,2017-08-12,2017-08-12,2,7
1055,140.0,4,2017-08-12,2017-08-15,2017-08-15,2,6
1056,325.0,4,2017-08-12,2017-08-15,2017-08-13,2,7
1057,456.0,4,2017-08-12,2017-08-15,2017-08-13,2,7
1058,782.0,4,2017-08-13,2017-08-16,2017-08-14,2,6
1059,6.0,4,2017-08-14,2017-08-17,2017-08-17,2,7
1060,182.0,4,2017-08-15,2017-08-18,2017-08-17,2,6
1061,655.0,4,2017-08-15,2017-08-18,2017-08-18,2,7
1062,1210.0,4,2017-08-15,2017-08-17,2017-08-18,2,6
1063,198.0,4,2017-08-16,2017-08-19,2017-08-19,3,8
1064,898.0,4,2017-08-16,2017-08-18,2017-08-19,3,9
1065,25.0,4,2017-08-17,2017-08-19,2017-08-19,2,7
1066,106.0,4,2017-08-17,2017-08-20,2017-08-19,2,7
1067,225.0,4,2017-08-17,2017-08-19,2017-08-19,2,7
1068,453.0,4,2017-08-17,2017-08-20,2017-08-19,2,7
1069,493.0,4,2017-08-17,2017-08-19,2017-08-18,2,6
1070,596.0,4,2017-08-17,2017-08-20,2017-08-18,2,7
1071,602.0,4,2017-08-17,2017-08-20,2017-08-18,3,8
1072,47.0,3,2017-08-18,2017-08-18,,1,3
1073,911.0,4,2017-08-18,2017-08-19,2017-08-21,2,7
1074,11.0,3,2017-08-19,2017-08-19,,2,6
1075,1003.0,4,2017-08-19,2017-08-21,2017-08-22,1,3
1076,42.0,4,2017-08-19,2017-08-22,2017-08-22,2,6
1077,412.0,4,2017-08-19,2017-08-20,2017-08-21,2,6
1078,793.0,4,2017-08-19,2017-08-21,2017-08-20,2,6
1079,812.0,4,2017-08-19,2017-08-20,2017-08-20,2,7
1080,1086.0,4,2017-08-19,2017-08-20,2017-08-20,2,7
1081,1106.0,4,2017-08-19,2017-08-22,2017-08-22,2,6
1082,1327.0,4,2017-08-20,2017-08-22,2017-08-21,2,6
1083,1372.0,4,2017-08-20,2017-08-23,2017-08-23,2,6
1084,2.0,4,2017-08-21,2017-08-24,2017-08-23,1,2
1085,305.0,4,2017-08-21,2017-08-23,2017-08-23,1,3
1086,220.0,4,2017-08-21,2017-08-23,2017-08-24,2,7
1087,675.0,4,2017-08-22,2017-08-23,2017-08-25,3,8
1088,1160.0,4,2017-08-22,2017-08-23,2017-08-23,3,8
1089,46.0,3,2017-08-23,2017-08-23,,1,2
1090,1427.0,4,2017-08-24,2017-08-26,2017-08-26,1,2
1091,1260.0,4,2017-08-24,2017-08-25,2017-08-25,2,7
1092,40.0,4,2017-08-25,2017-08-28,2017-08-27,1,2
1093,326.0,4,2017-08-25,2017-08-28,2017-08-26,1,3
1094,828.0,4,2017-08-25,2017-08-27,2017-08-28,2,6
1095,1382.0,4,2017-08-26,2017-08-28,2017-08-27,3,9
1096,589.0,4,2017-08-27,2017-08-29,2017-08-29,1,2
1097,1311.0,4,2017-08-27,2017-08-30,2017-08-28,2,6
1098,752.0,4,2017-08-28,2017-08-30,2017-08-30,1,2
1099,1128.0,4,2017-08-28,2017-08-29,2017-08-30,2,6
1100,1392.0,4,2017-08-28,2017-08-29,2017-08-29,2,7
1101,379.0,4,2017-08-29,2017-08-30,2017-08-30,2,7
1102,1317.0,4,2017-08-29,2017-08-31,2017-08-31,2,6
1103,1394.0,4,2017-08-31,2017-09-02,2017-09-02,2,7
1104,268.0,4,2017-09-01,2017-09-04,2017-09-03,2,6
1105,747.0,4,2017-09-01,2017-09-04,2017-09-03,3,8
1106,1009.0,4,2017-09-02,2017-09-04,2017-09-04,2,6
1107,1424.0,4,2017-09-02,2017-09-05,2017-09-05,2,7
1108,735.0,4,2017-09-03,2017-09-05,2017-09-04,1,3
1109,23.0,4,2017-09-03,2017-09-04,2017-09-04,2,6
1110,912.0,4,2017-09-04,2017-09-07,2017-09-07,2,6
1111,930.0,4,2017-09-04,2017-09-06,2017-09-05,2,6
1112,798.0,4,2017-09-05,2017-09-08,2017-09-07,2,7
1113,388.0,4,2017-09-06,2017-09-08,2017-09-07,2,7
1114,1036.0,4,2017-09-06,2017-09-08,2017-09-08,2,6
1115,1100.0,4,2017-09-07,2017-09-09,2017-09-09,2,6
1116,52.0,4,2017-09-08,2017-09-10,2017-09-10,2,7
1117,334.0,4,2017-09-08,2017-09-10,2017-09-10,2,6
1118,1023.0,4,2017-09-08,2017-09-11,2017-09-11,2,6
1119,749.0,4,2017-09-10,2017-09-12,2017-09-13,1,2
1120,1269.0,4,2017-09-10,2017-09-12,2017-09-13,2,7
1121,143.0,4,2017-09-11,2017-09-13,2017-09-12,2,7
1122,1132.0,4,2017-09-12,2017-09-14,2017-09-14,2,6
1123,598.0,4,2017-09-13,2017-09-14,2017-09-14,2,7
1124,275.0,4,2017-09-13,2017-09-14,2017-09-16,3,9
1125,945.0,4,2017-09-14,2017-09-15,2017-09-15,2,7
1126,1213.0,4,2017-09-14,2017-09-16,2017-09-15,3,8
1127,494.0,4,2017-09-15,2017-09-16,2017-09-16,2,7
1128,936.0,4,2017-09-15,2017-09-17,2017-09-16,2,6
1129,663.0,4,2017-09-17,2017-09-18,2017-09-20,2,6
1130,69.0,4,2017-09-18,2017-09-20,2017-09-20,1,3
1131,1178.0,4,2017-09-18,2017-09-20,2017-09-19,1,3
1132,351.0,4,2017-09-19,2017-09-20,2017-09-20,2,6
1133,517.0,4,2017-09-19,2017-09-21,2017-09-21,2,7
1134,978.0,4,2017-09-19,2017-09-22,2017-09-20,2,6
1135,1347.0,4,2017-09-19,2017-09-21,2017-09-20,2,6
1136,1050.0,4,2017-09-20,2017-09-21,2017-09-21,2,6
1137,810.0,4,2017-09-20,2017-09-23,2017-09-23,3,8
1138,254.0,4,2017-09-21,2017-09-23,2017-09-22,1,2
1139,1006.0,4,2017-09-21,2017-09-22,2017-09-23,1,2
1140,1063.0,4,2017-09-21,2017-09-22,2017-09-22,3,8
1141,1076.0,4,2017-09-22,2017-09-23,2017-09-24,1,2
1142,554.0,4,2017-09-23,2017-09-26,2017-09-26,1,3
1143,1087.0,4,2017-09-24,2017-09-26,2017-09-27,1,2
1144,1414.0,4,2017-09-24,2017-09-27,2017-09-27,2,7
1145,617.0,4,2017-09-25,2017-09-27,2017-09-26,2,6
1146,757.0,4,2017-09-25,2017-09-26,2017-09-28,2,7
1147,1344.0,4,2017-09-25,2017-09-26,2017-09-27,2,6
1148,1379.0,4,2017-09-25,2017-09-26,2017-09-27,2,7
1149,787.0,4,2017-09-27,2017-09-30,2017-09-30,2,7
1150,1183.0,4,2017-09-28,2017-10-01,2017-09-30,2,7
1151,708.0,4,2017-09-29,2017-09-30,2017-09-30,1,3
1152,1244.0,4,2017-09-29,2017-10-02,2017-10-01,2,6
1153,720.0,4,2017-09-30,2017-10-03,2017-10-03,2,7
1154,789.0,4,2017-09-30,2017-10-03,2017-10-03,2,7
1155,865.0,4,2017-09-30,2017-10-01,2017-10-01,2,7
1156,869.0,4,2017-09-30,2017-10-03,2017-10-03,2,7
1157,24.0,4,2017-10-01,2017-10-03,2017-10-04,1,3
1158,889.0,4,2017-10-01,2017-10-03,2017-10-02,1,2
1159,1221.0,4,2017-10-01,2017-10-02,2017-10-03,1,3
1160,1262.0,4,2017-10-01,2017-10-02,2017-10-04,1,2
1161,41.0,4,2017-10-01,2017-10-04,2017-10-02,2,7
1162,888.0,4,2017-10-01,2017-10-03,2017-10-03,2,6
1163,934.0,4,2017-10-01,2017-10-02,2017-10-02,2,6
1164,1067.0,4,2017-10-01,2017-10-02,2017-10-03,2,6
1165,652.0,4,2017-10-02,2017-10-03,2017-10-05,2,7
1166,286.0,4,2017-10-03,2017-10-04,2017-10-04,2,7
1167,900.0,4,2017-10-04,2017-10-07,2017-10-06,1,2
1168,1031.0,4,2017-10-04,2017-10-05,2017-10-06,2,6
1169,1421.0,4,2017-10-04,2017-10-06,2017-10-07,2,7
1170,534.0,4,2017-10-05,2017-10-07,2017-10-06,2,6
1171,826.0,4,2017-10-05,2017-10-06,2017-10-08,2,6
1172,1339.0,4,2017-10-07,2017-10-10,2017-10-09,2,7
1173,548.0,4,2017-10-08,2017-10-10,2017-10-09,2,7
1174,1109.0,4,2017-10-08,2017-10-10,2017-10-11,2,6
1175,292.0,4,2017-10-09,2017-10-11,2017-10-12,2,6
1176,1111.0,4,2017-10-10,2017-10-13,2017-10-11,3,9
1177,21.0,3,2017-10-12,2017-10-12,,3,9
1178,771.0,4,2017-10-12,2017-10-15,2017-10-13,2,6
1179,1150.0,4,2017-10-12,2017-10-15,2017-10-15,3,9
1180,1065.0,4,2017-10-13,2017-10-16,2017-10-16,1,3
1181,1022.0,4,2017-10-13,2017-10-16,2017-10-15,2,7
1182,1422.0,4,2017-10-13,2017-10-14,2017-10-16,2,7
1183,216.0,4,2017-10-14,2017-10-17,2017-10-17,2,6
1184,369.0,4,2017-10-14,2017-10-15,2017-10-16,2,6
1185,960.0,4,2017-10-14,2017-10-16,2017-10-17,2,6
1186,1120.0,4,2017-10-14,2017-10-16,2017-10-15,2,6
1187,486.0,4,2017-10-15,2017-10-18,2017-10-16,2,6
1188,647.0,4,2017-10-15,2017-10-18,2017-10-17,2,7
1189,1090.0,4,2017-10-15,2017-10-17,2017-10-18,2,6
1190,34.0,4,2017-10-16,2017-10-19,2017-10-17,2,6
1191,186.0,4,2017-10-17,2017-10-18,2017-10-18,2,6
1192,1114.0,4,2017-10-17,2017-10-19,2017-10-18,2,6
1193,1412.0,4,2017-10-17,2017-10-19,2017-10-19,2,7
1194,192.0,4,2017-10-19,2017-10-22,2017-10-22,1,2
1195,229.0,4,2017-10-19,2017-10-21,2017-10-21,2,7
1196,508.0,4,2017-10-19,2017-10-21,2017-10-20,2,6
1197,269.0,4,2017-10-21,2017-10-23,2017-10-23,2,6
1198,1289.0,4,2017-10-22,2017-10-24,2017-10-24,2,7
1199,318.0,4,2017-10-23,2017-10-24,2017-10-26,1,2
1200,48.0,4,2017-10-23,2017-10-25,2017-10-26,2,6
1201,201.0,4,2017-10-23,2017-10-24,2017-10-24,2,6
1202,593.0,4,2017-10-24,2017-10-25,2017-10-25,2,6
1203,1191.0,4,2017-10-25,2017-10-27,2017-10-26,2,7
1204,1277.0,4,2017-10-25,2017-10-28,2017-10-28,2,6
1205,1091.0,4,2017-10-26,2017-10-28,2017-10-28,1,2
1206,222.0,4,2017-10-26,2017-10-29,2017-10-29,2,6
1207,1002.0,4,2017-10-26,2017-10-28,2017-10-27,2,6
1208,1226.0,4,2017-10-26,2017-10-28,2017-10-27,2,7
1209,1342.0,4,2017-10-26,2017-10-27,2017-10-29,2,7
1210,730.0,4,2017-10-26,2017-10-27,2017-10-29,3,8
1211,19.0,4,2017-10-27,2017-10-28,2017-10-29,2,7
1212,213.0,4,2017-10-27,2017-10-30,2017-10-29,2,6
1213,669.0,4,2017-10-27,2017-10-29,2017-10-29,3,9
1214,783.0,4,2017-10-28,2017-10-29,2017-10-29,2,6
1215,807.0,4,2017-10-28,2017-10-31,2017-10-30,2,7
1216,886.0,4,2017-10-28,2017-10-30,2017-10-29,2,7
1217,1155.0,4,2017-10-28,2017-10-31,2017-10-30,2,7
1218,1017.0,4,2017-10-30,2017-11-01,2017-10-31,1,2
1219,840.0,4,2017-10-30,2017-11-02,2017-11-02,2,7
1220,803.0,4,2017-10-31,2017-11-03,2017-11-03,2,6
1221,1290.0,4,2017-10-31,2017-11-02,2017-11-01,2,7
1222,482.0,4,2017-11-01,2017-11-04,2017-11-03,3,9
1223,1207.0,4,2017-11-02,2017-11-03,2017-11-03,2,6
1224,544.0,4,2017-11-03,2017-11-04,2017-11-04,2,6
1225,768.0,4,2017-11-04,2017-11-05,2017-11-07,1,2
1226,226.0,4,2017-11-04,2017-11-07,2017-11-06,2,7
1227,702.0,4,2017-11-04,2017-11-07,2017-11-06,2,6
1228,1041.0,4,2017-11-04,2017-11-06,2017-11-06,2,6
1229,89.0,4,2017-11-05,2017-11-08,2017-11-06,1,3
1230,1107.0,4,2017-11-05,2017-11-06,2017-11-07,2,6
1231,1180.0,4,2017-11-05,2017-11-07,2017-11-06,2,6
1232,665.0,4,2017-11-06,2017-11-07,2017-11-09,1,3
1233,462.0,4,2017-11-06,2017-11-07,2017-11-08,2,6
1234,19.0,3,2017-11-07,2017-11-07,,2,6
1235,210.0,4,2017-11-07,2017-11-08,2017-11-09,2,6
1236,243.0,4,2017-11-08,2017-11-11,2017-11-09,2,7
1237,571.0,4,2017-11-09,2017-11-12,2017-11-11,1,2
1238,998.0,4,2017-11-09,2017-11-10,2017-11-11,2,6
1239,1197.0,4,2017-11-09,2017-11-10,2017-11-11,2,7
1240,903.0,4,2017-11-10,2017-11-11,2017-11-11,2,7
1241,1170.0,4,2017-11-10,2017-11-12,2017-11-11,2,7
1242,303.0,4,2017-11-11,2017-11-12,2017-11-12,2,6
1243,346.0,4,2017-11-11,2017-11-13,2017-11-14,2,6
1244,333.0,4,2017-11-12,2017-11-14,2017-11-13,2,6
1245,1166.0,4,2017-11-13,2017-11-16,2017-11-14,2,7
1246,1329.0,4,2017-11-13,2017-11-16,2017-11-16,2,7
1247,426.0,4,2017-11-16,2017-11-18,2017-11-17,1,2
1248,1367.0,4,2017-11-16,2017-11-17,2017-11-18,1,3
1249,545.0,4,2017-11-17,2017-11-18,2017-11-20,2,6
1250,1188.0,4,2017-11-17,2017-11-19,2017-11-18,2,6
1251,289.0,4,2017-11-17,2017-11-19,2017-11-19,3,9
1252,110.0,4,2017-11-18,2017-11-20,2017-11-21,1,3
1253,44.0,4,2017-11-18,2017-11-21,2017-11-21,2,6
1254,1098.0,4,2017-11-18,2017-11-19,2017-11-19,2,7
1255,375.0,4,2017-11-19,2017-11-20,2017-11-21,2,6
1256,458.0,4,2017-11-19,2017-11-20,2017-11-22,2,6
1257,1136.0,4,2017-11-19,2017-11-22,2017-11-20,2,7
1258,1099.0,4,2017-11-20,2017-11-21,2017-11-22,2,7
1259,4.0,3,2017-11-21,2017-11-21,,2,7
1260,1117.0,4,2017-11-22,2017-11-23,2017-11-24,2,6
1261,435.0,4,2017-11-23,2017-11-25,2017-11-24,2,7
1262,509.0,4,2017-11-23,2017-11-26,2017-11-26,2,6
1263,1408.0,4,2017-11-23,2017-11-26,2017-11-26,2,6
1264,113.0,4,2017-11-24,2017-11-27,2017-11-25,2,6
1265,950.0,4,2017-11-24,2017-11-27,2017-11-27,2,7
1266,387.0,4,2017-11-25,2017-11-28,2017-11-27,2,6
1267,467.0,4,2017-11-25,2017-11-26,2017-11-26,2,6
1268,774.0,4,2017-11-26,2017-11-28,2017-11-29,1,3
1269,1236.0,4,2017-11-26,2017-11-29,2017-11-29,2,6
1270,1388.0,4,2017-11-26,2017-11-29,2017-11-29,2,6
1271,734.0,4,2017-11-27,2017-11-30,2017-11-30,2,6
1272,935.0,4,2017-11-27,2017-11-29,2017-11-30,2,6
1273,1268.0,4,2017-11-27,2017-11-29,2017-11-29,2,6
1274,1364.0,4,2017-11-28,2017-11-29,2017-12-01,2,7
1275,165.0,4,2017-11-29,2017-12-01,2017-11-30,1,2
1276,893.0,4,2017-11-30,2017-12-03,2017-12-02,2,6
1277,227.0,4,2017-12-01,2017-12-04,2017-12-02,2,6
1278,980.0,4,2017-12-01,2017-12-02,2017-12-04,2,7
1279,1014.0,4,2017-12-01,2017-12-04,2017-12-03,2,6
1280,123.0,4,2017-12-01,2017-12-03,2017-12-03,3,9
1281,1060.0,4,2017-12-02,2017-12-05,2017-12-05,2,6
1282,320.0,4,2017-12-03,2017-12-05,2017-12-05,2,6
1283,85.0,4,2017-12-04,2017-12-07,2017-12-07,2,7
1284,128.0,4,2017-12-04,2017-12-06,2017-12-07,2,7
1285,262.0,4,2017-12-04,2017-12-07,2017-12-07,2,7
1286,1033.0,4,2017-12-04,2017-12-07,2017-12-06,2,7
1287,279.0,4,2017-12-07,2017-12-10,2017-12-09,1,3
1288,778.0,4,2017-12-07,2017-12-10,2017-12-09,3,9
1289,1292.0,4,2017-12-08,2017-12-11,2017-12-10,1,3
1290,967.0,4,2017-12-08,2017-12-10,2017-12-10,2,6
1291,1284.0,4,2017-12-09,2017-12-11,2017-12-12,2,6
1292,285.0,4,2017-12-10,2017-12-13,2017-12-11,2,6
1293,1401.0,4,2017-12-10,2017-12-12,2017-12-11,2,7
1294,947.0,4,2017-12-11,2017-12-13,2017-12-14,1,2
1295,37.0,4,2017-12-11,2017-12-12,2017-12-14,2,7
1296,231.0,4,2017-12-14,2017-12-17,2017-12-15,1,3
1297,108.0,4,2017-12-14,2017-12-17,2017-12-16,2,6
1298,533.0,4,2017-12-14,2017-12-17,2017-12-16,3,9
1299,1216.0,4,2017-12-15,2017-12-18,2017-12-16,1,2
1300,824.0,4,2017-12-15,2017-12-17,2017-12-17,2,6
1301,1088.0,4,2017-12-16,2017-12-19,2017-12-19,1,3
1302,322.0,4,2017-12-16,2017-12-18,2017-12-19,2,7
1303,878.0,4,2017-12-16,2017-12-19,2017-12-18,2,7
1304,1409.0,4,2017-12-16,2017-12-17,2017-12-17,2,6
1305,257.0,4,2017-12-17,2017-12-19,2017-12-18,2,7
1306,28.0,4,2017-12-20,2017-12-21,2017-12-22,2,6
1307,1384.0,4,2017-12-22,2017-12-23,2017-12-25,1,2
1308,713.0,4,2017-12-22,2017-12-24,2017-12-24,2,7
1309,821.0,4,2017-12-22,2017-12-25,2017-12-24,2,6
1310,444.0,4,2017-12-24,2017-12-25,2017-12-26,1,3
1311,1021.0,4,2017-12-24,2017-12-26,2017-12-27,2,6
1312,311.0,4,2017-12-25,2017-12-28,2017-12-26,1,3
1313,1294.0,4,2017-12-25,2017-12-27,2017-12-27,1,3
1314,1027.0,4,2017-12-25,2017-12-26,2017-12-28,2,7
1315,931.0,4,2017-12-25,2017-12-27,2017-12-28,3,9
1316,846.0,4,2017-12-26,2017-12-29,2017-12-27,1,3
1317,418.0,4,2017-12-27,2017-12-28,2017-12-29,1,3
1318,75.0,4,2017-12-27,2017-12-30,2017-12-29,2,6
1319,604.0,4,2017-12-27,2017-12-30,2017-12-30,2,6
1320,244.0,4,2017-12-28,2017-12-30,2017-12-29,1,3
1321,217.0,4,2017-12-30,2017-12-31,2017-12-31,1,3
1322,39.0,4,2017-12-31,2018-01-03,2018-01-02,2,7
1323,273.0,4,2017-12-31,2018-01-01,2018-01-01,2,6
1324,862.0,4,2018-01-01,2018-01-04,2018-01-03,2,6
1325,68.0,4,2018-01-01,2018-01-02,2018-01-03,3,8
1326,567.0,4,2018-01-01,2018-01-03,2018-01-02,3,9
1327,1026.0,4,2018-01-02,2018-01-03,2018-01-05,2,6
1328,1083.0,4,2018-01-02,2018-01-03,2018-01-03,2,6
1329,443.0,4,2018-01-04,2018-01-05,2018-01-06,1,3
1330,761.0,4,2018-01-04,2018-01-05,2018-01-07,2,7
1331,1122.0,4,2018-01-05,2018-01-06,2018-01-08,2,6
1332,256.0,4,2018-01-06,2018-01-07,2018-01-09,2,7
1333,203.0,4,2018-01-06,2018-01-07,2018-01-07,3,8
1334,425.0,4,2018-01-07,2018-01-09,2018-01-10,2,6
1335,955.0,4,2018-01-07,2018-01-08,2018-01-08,2,7
1336,904.0,4,2018-01-09,2018-01-10,2018-01-12,1,2
1337,970.0,4,2018-01-09,2018-01-12,2018-01-12,2,7
1338,905.0,4,2018-01-10,2018-01-11,2018-01-13,2,6
1339,580.0,4,2018-01-11,2018-01-14,2018-01-13,1,3
1340,1066.0,4,2018-01-12,2018-01-13,2018-01-13,1,3
1341,1258.0,4,2018-01-12,2018-01-13,2018-01-14,2,7
1342,1393.0,4,2018-01-12,2018-01-13,2018-01-15,2,7
1343,594.0,4,2018-01-13,2018-01-15,2018-01-14,2,6
1344,916.0,4,2018-01-13,2018-01-16,2018-01-15,2,6
1345,1037.0,4,2018-01-14,2018-01-15,2018-01-15,2,6
1346,136.0,4,2018-01-14,2018-01-15,2018-01-15,3,8
1347,247.0,4,2018-01-15,2018-01-18,2018-01-18,1,2
1348,1214.0,4,2018-01-15,2018-01-17,2018-01-17,1,2
1349,464.0,4,2018-01-15,2018-01-17,2018-01-16,2,6
1350,637.0,4,2018-01-15,2018-01-18,2018-01-17,2,7
1351,1016.0,4,2018-01-16,2018-01-19,2018-01-19,2,7
1352,1433.0,4,2018-01-16,2018-01-18,2018-01-18,2,6
1353,502.0,4,2018-01-17,2018-01-19,2018-01-18,2,6
1354,476.0,4,2018-01-19,2018-01-20,2018-01-21,1,3
1355,1010.0,4,2018-01-19,2018-01-21,2018-01-20,2,7
1356,1161.0,4,2018-01-19,2018-01-21,2018-01-22,2,6
1357,440.0,4,2018-01-20,2018-01-23,2018-01-21,2,6
1358,253.0,4,2018-01-21,2018-01-23,2018-01-24,1,2
1359,1008.0,4,2018-01-21,2018-01-22,2018-01-22,3,9
1360,71.0,4,2018-01-22,2018-01-25,2018-01-24,2,6
1361,1084.0,4,2018-01-22,2018-01-24,2018-01-23,2,7
1362,310.0,4,2018-01-23,2018-01-24,2018-01-25,2,6
1363,860.0,4,2018-01-24,2018-01-25,2018-01-25,2,6
1364,122.0,4,2018-01-25,2018-01-28,2018-01-28,2,6
1365,689.0,4,2018-01-25,2018-01-28,2018-01-27,2,7
1366,1441.0,4,2018-01-26,2018-01-27,2018-01-28,2,6
1367,1118.0,4,2018-01-27,2018-01-28,2018-01-28,1,3
1368,765.0,4,2018-01-27,2018-01-28,2018-01-29,2,6
1369,92.0,4,2018-01-28,2018-01-30,2018-01-30,2,6
1370,115.0,4,2018-01-28,2018-01-29,2018-01-29,2,7
1371,937.0,4,2018-01-29,2018-01-30,2018-02-01,2,7
1372,1013.0,4,2018-01-29,2018-02-01,2018-01-30,2,6
1373,427.0,4,2018-01-29,2018-01-31,2018-01-31,3,9
1374,1330.0,4,2018-01-30,2018-02-01,2018-02-01,1,3
1375,312.0,4,2018-01-30,2018-02-01,2018-02-01,3,8
1376,1186.0,4,2018-02-01,2018-02-02,2018-02-03,1,2
1377,1007.0,4,2018-02-01,2018-02-03,2018-02-03,2,7
1378,983.0,4,2018-02-02,2018-02-05,2018-02-04,1,2
1379,1256.0,4,2018-02-02,2018-02-05,2018-02-05,2,6
1380,818.0,4,2018-02-05,2018-02-08,2018-02-08,1,3
1381,680.0,4,2018-02-05,2018-02-06,2018-02-08,2,7
1382,1303.0,4,2018-02-06,2018-02-09,2018-02-08,2,6
1383,488.0,4,2018-02-07,2018-02-08,2018-02-08,1,3
1384,1126.0,4,2018-02-08,2018-02-10,2018-02-09,2,7
1385,866.0,4,2018-02-08,2018-02-11,2018-02-09,3,9
1386,1254.0,4,2018-02-09,2018-02-10,2018-02-11,1,2
1387,11.0,4,2018-02-09,2018-02-11,2018-02-11,2,7
1388,323.0,4,2018-02-09,2018-02-12,2018-02-12,2,7
1389,491.0,4,2018-02-11,2018-02-12,2018-02-14,2,7
1390,63.0,4,2018-02-12,2018-02-13,2018-02-13,2,7
1391,914.0,4,2018-02-13,2018-02-14,2018-02-14,2,7
1392,1187.0,4,2018-02-13,2018-02-14,2018-02-14,2,6
1393,547.0,4,2018-02-14,2018-02-15,2018-02-15,2,7
1394,906.0,4,2018-02-14,2018-02-16,2018-02-16,3,8
1395,1052.0,4,2018-02-15,2018-02-18,2018-02-16,1,3
1396,856.0,4,2018-02-15,2018-02-18,2018-02-16,2,7
1397,920.0,4,2018-02-15,2018-02-17,2018-02-16,2,6
1398,1383.0,4,2018-02-16,2018-02-19,2018-02-19,1,3
1399,146.0,4,2018-02-16,2018-02-18,2018-02-18,2,6
1400,987.0,4,2018-02-17,2018-02-18,2018-02-18,2,6
1401,15.0,4,2018-02-18,2018-02-19,2018-02-20,2,7
1402,1171.0,4,2018-02-19,2018-02-21,2018-02-21,2,6
1403,452.0,4,2018-02-21,2018-02-22,2018-02-22,2,7
1404,1240.0,4,2018-02-23,2018-02-26,2018-02-24,1,3
1405,100.0,4,2018-02-25,2018-02-28,2018-02-27,2,6
1406,1053.0,4,2018-02-25,2018-02-27,2018-02-27,2,7
1407,18.0,3,2018-02-26,2018-02-26,,2,6
1408,1172.0,4,2018-02-26,2018-02-27,2018-03-01,2,6
1409,21.0,4,2018-02-26,2018-02-28,2018-02-28,3,8
1410,1005.0,4,2018-02-27,2018-02-28,2018-02-28,2,7
1411,109.0,4,2018-03-01,2018-03-02,2018-03-02,1,2
1412,1043.0,4,2018-03-01,2018-03-02,2018-03-04,2,7
1413,56.0,4,2018-03-01,2018-03-03,2018-03-04,3,8
1414,293.0,4,2018-03-03,2018-03-05,2018-03-06,2,7
1415,839.0,4,2018-03-03,2018-03-04,2018-03-05,2,7
1416,566.0,4,2018-03-03,2018-03-04,2018-03-06,3,8
1417,300.0,4,2018-03-04,2018-03-06,2018-03-07,1,2
1418,364.0,4,2018-03-04,2018-03-05,2018-03-07,2,6
1419,474.0,4,2018-03-04,2018-03-07,2018-03-07,2,6
1420,838.0,4,2018-03-04,2018-03-05,2018-03-07,2,7
1421,1176.0,4,2018-03-05,2018-03-07,2018-03-07,2,7
1422,599.0,4,2018-03-05,2018-03-06,2018-03-08,3,8
1423,1231.0,4,2018-03-06,2018-03-07,2018-03-07,1,2
1424,1445.0,4,2018-03-07,2018-03-10,2018-03-10,1,2
1425,126.0,4,2018-03-07,2018-03-09,2018-03-09,2,6
1426,938.0,4,2018-03-07,2018-03-08,2018-03-10,2,6
1427,999.0,4,2018-03-07,2018-03-08,2018-03-08,2,6
1428,195.0,4,2018-03-08,2018-03-10,2018-03-11,2,7
1429,1116.0,4,2018-03-08,2018-03-09,2018-03-09,2,6
1430,1239.0,4,2018-03-10,2018-03-13,2018-03-11,2,7
1431,308.0,4,2018-03-11,2018-03-12,2018-03-14,2,6
1432,483.0,4,2018-03-11,2018-03-12,2018-03-14,2,6
1433,1142.0,4,2018-03-11,2018-03-13,2018-03-12,2,7
1434,595.0,4,2018-03-14,2018-03-16,2018-03-16,2,6
1435,744.0,4,2018-03-14,2018-03-15,2018-03-16,2,6
1436,1044.0,4,2018-03-14,2018-03-17,2018-03-16,2,6
1437,518.0,4,2018-03-15,2018-03-16,2018-03-16,1,2
1438,263.0,4,2018-03-15,2018-03-17,2018-03-16,2,6
1439,463.0,4,2018-03-15,2018-03-16,2018-03-17,2,7
1440,859.0,4,2018-03-15,2018-03-18,2018-03-16,3,8
1441,982.0,4,2018-03-15,2018-03-16,2018-03-18,3,8
1442,478.0,4,2018-03-16,2018-03-17,2018-03-17,2,7
1443,972.0,4,2018-03-16,2018-03-17,2018-03-17,2,7
1444,1154.0,4,2018-03-16,2018-03-17,2018-03-19,2,6
1445,515.0,4,2018-03-17,2018-03-18,2018-03-20,2,7
1446,820.0,4,2018-03-17,2018-03-18,2018-03-18,2,6
1447,1419.0,4,2018-03-18,2018-03-20,2018-03-20,1,3
1448,228.0,4,2018-03-18,2018-03-19,2018-03-21,2,6
1449,330.0,4,2018-03-18,2018-03-19,2018-03-20,2,7
1450,296.0,4,2018-03-19,2018-03-20,2018-03-22,2,7
1451,822.0,4,2018-03-19,2018-03-22,2018-03-20,2,6
1452,287.0,4,2018-03-20,2018-03-23,2018-03-23,1,3
1453,601.0,4,2018-03-20,2018-03-23,2018-03-22,1,3
1454,395.0,4,2018-03-20,2018-03-21,2018-03-22,2,6
1455,405.0,4,2018-03-20,2018-03-22,2018-03-21,2,6
1456,754.0,4,2018-03-20,2018-03-21,2018-03-23,2,7
1457,1411.0,4,2018-03-20,2018-03-23,2018-03-23,2,6
1458,1029.0,4,2018-03-20,2018-03-22,2018-03-21,3,8
1459,9.0,4,2018-03-21,2018-03-22,2018-03-22,2,7
1460,1131.0,4,2018-03-21,2018-03-23,2018-03-23,2,7
1461,139.0,4,2018-03-22,2018-03-25,2018-03-23,2,6
1462,1101.0,4,2018-03-22,2018-03-24,2018-03-24,2,6
1463,692.0,4,2018-03-23,2018-03-24,2018-03-24,2,7
1464,1279.0,4,2018-03-24,2018-03-25,2018-03-25,2,7
1465,623.0,4,2018-03-25,2018-03-28,2018-03-28,2,7
1466,738.0,4,2018-03-26,2018-03-29,2018-03-28,1,3
1467,152.0,4,2018-03-26,2018-03-27,2018-03-29,2,7
1468,3.0,4,2018-03-27,2018-03-30,2018-03-29,1,2
1469,1135.0,4,2018-03-27,2018-03-28,2018-03-30,3,8
1470,505.0,4,2018-03-28,2018-03-31,2018-03-31,2,7
1471,1310.0,4,2018-03-28,2018-03-30,2018-03-29,2,7
1472,114.0,4,2018-03-29,2018-03-30,2018-03-31,2,6
1473,302.0,4,2018-03-30,2018-04-01,2018-04-02,1,2
1474,816.0,4,2018-03-30,2018-04-01,2018-04-02,1,3
1475,112.0,4,2018-03-30,2018-04-01,2018-03-31,2,6
1476,35.0,4,2018-03-31,2018-04-01,2018-04-01,2,7
1477,180.0,4,2018-03-31,2018-04-03,2018-04-01,2,6
1478,392.0,4,2018-03-31,2018-04-02,2018-04-02,2,6
1479,23.0,2,2018-04-01,2018-04-01,,2,7
1480,27.0,2,2018-04-01,2018-04-01,,2,7
1481,62.0,1,2018-04-01,2018-04-01,,2,6
1482,94.0,1,2018-04-01,2018-04-01,,2,7
1483,15.0,1,2018-04-02,2018-04-02,,2,7
1484,35.0,2,2018-04-02,2018-04-02,,2,6
1485,51.0,2,2018-04-02,2018-04-02,,2,7
1486,84.0,2,2018-04-02,2018-04-02,,2,7
1487,33.0,1,2018-04-03,2018-04-03,,1,3
1488,181.0,2,2018-04-03,2018-04-03,,1,3
1489,194.0,1,2018-04-03,2018-04-03,,1,3
1490,217.0,2,2018-04-03,2018-04-03,,1,3
1491,82.0,1,2018-04-04,2018-04-04,,1,3
1492,41.0,1,2018-04-04,2018-04-04,,2,7
1493,64.0,2,2018-04-04,2018-04-04,,3,8
1494,69.0,2,2018-04-05,2018-04-05,,1,3
1495,86.0,2,2018-04-05,2018-04-05,,2,7
1496,3.0,1,2018-04-06,2018-04-06,,1,3
1497,31.0,2,2018-04-06,2018-04-06,,1,2
1498,81.0,1,2018-04-06,2018-04-06,,1,2
1499,120.0,2,2018-04-06,2018-04-06,,1,2
1500,151.0,2,2018-04-06,2018-04-06,,1,3
1501,52.0,1,2018-04-06,2018-04-06,,2,6
1502,83.0,2,2018-04-06,2018-04-06,,2,6
1503,208.0,2,2018-04-07,2018-04-07,,1,3
1504,237.0,2,2018-04-08,2018-04-08,,1,2
1505,22.0,1,2018-04-08,2018-04-08,,2,7
1506,75.0,1,2018-04-08,2018-04-08,,2,7
1507,85.0,2,2018-04-08,2018-04-08,,2,6
1508,92.0,2,2018-04-08,2018-04-08,,2,6
1509,2.0,1,2018-04-09,2018-04-09,,1,3
1510,16.0,2,2018-04-09,2018-04-09,,2,6
1511,25.0,1,2018-04-09,2018-04-09,,2,6
1512,68.0,1,2018-04-09,2018-04-09,,3,9
1513,32.0,2,2018-04-10,2018-04-10,,1,2
1514,87.0,2,2018-04-10,2018-04-10,,1,3
1515,61.0,1,2018-04-10,2018-04-10,,3,9
1516,47.0,2,2018-04-11,2018-04-11,,1,3
1517,97.0,1,2018-04-11,2018-04-11,,1,2
1518,175.0,1,2018-04-11,2018-04-11,,1,2
1519,26.0,2,2018-04-11,2018-04-11,,2,7
1520,66.0,2,2018-04-11,2018-04-11,,3,8
1521,53.0,1,2018-04-12,2018-04-12,,1,3
1522,78.0,1,2018-04-12,2018-04-12,,1,3
1523,8.0,1,2018-04-12,2018-04-12,,2,7
1524,37.0,1,2018-04-12,2018-04-12,,2,6
1525,38.0,2,2018-04-12,2018-04-12,,2,7
1526,59.0,2,2018-04-12,2018-04-12,,2,7
1527,13.0,2,2018-04-12,2018-04-12,,3,9
1528,20.0,1,2018-04-12,2018-04-12,,3,8
1529,50.0,1,2018-04-12,2018-04-12,,3,8
1530,110.0,1,2018-04-13,2018-04-13,,1,2
1531,233.0,1,2018-04-13,2018-04-13,,1,2
1532,7.0,2,2018-04-13,2018-04-13,,2,7
1533,28.0,2,2018-04-13,2018-04-13,,2,6
1534,18.0,2,2018-04-14,2018-04-14,,2,7
1535,19.0,2,2018-04-14,2018-04-14,,2,7
1536,34.0,2,2018-04-14,2018-04-14,,2,7
1537,36.0,1,2018-04-15,2018-04-15,,2,6
1538,79.0,2,2018-04-15,2018-04-15,,2,6
1539,116.0,1,2018-04-15,2018-04-15,,3,9
1540,187.0,1,2018-04-16,2018-04-16,,1,2
1541,10.0,2,2018-04-16,2018-04-16,,2,7
1542,58.0,2,2018-04-16,2018-04-16,,2,6
1543,76.0,1,2018-04-16,2018-04-16,,2,6
1544,5.0,1,2018-04-17,2018-04-17,,1,2
1545,67.0,1,2018-04-17,2018-04-17,,1,3
1546,91.0,2,2018-04-17,2018-04-17,,1,3
1547,169.0,1,2018-04-17,2018-04-17,,1,3
1548,170.0,1,2018-04-17,2018-04-17,,1,2
1549,17.0,1,2018-04-17,2018-04-17,,2,7
1550,39.0,1,2018-04-17,2018-04-17,,2,6
1551,70.0,1,2018-04-17,2018-04-17,,2,7
1552,73.0,1,2018-04-17,2018-04-17,,2,7
1553,30.0,2,2018-04-18,2018-04-18,,1,3
1554,172.0,1,2018-04-18,2018-04-18,,1,3
1555,1.0,1,2018-04-18,2018-04-18,,2,7
1556,4.0,2,2018-04-18,2018-04-18,,2,6
1557,121.0,2,2018-04-19,2018-04-19,,1,3
1558,63.0,1,2018-04-19,2018-04-19,,2,6
1559,42.0,2,2018-04-20,2018-04-20,,2,6
1560,57.0,1,2018-04-20,2018-04-20,,2,7
1561,65.0,2,2018-04-20,2018-04-20,,2,7
1562,88.0,1,2018-04-20,2018-04-20,,2,7
1563,77.0,2,2018-04-20,2018-04-20,,3,9
1564,46.0,1,2018-04-21,2018-04-21,,1,3
1565,60.0,2,2018-04-21,2018-04-21,,1,2
1566,72.0,1,2018-04-21,2018-04-21,,1,3
1567,89.0,2,2018-04-21,2018-04-21,,1,2
1568,192.0,2,2018-04-21,2018-04-21,,1,3
1569,29.0,2,2018-04-22,2018-04-22,,2,7
1570,54.0,2,2018-04-22,2018-04-22,,2,7
1571,80.0,1,2018-04-22,2018-04-22,,2,7
1572,14.0,1,2018-04-22,2018-04-22,,3,9
1573,24.0,2,2018-04-23,2018-04-23,,1,2
1574,124.0,1,2018-04-23,2018-04-23,,1,2
1575,224.0,2,2018-04-23,2018-04-23,,1,3
1576,12.0,2,2018-04-23,2018-04-23,,2,7
1577,48.0,1,2018-04-23,2018-04-23,,2,7
1578,93.0,2,2018-04-23,2018-04-23,,2,7
1579,104.0,2,2018-04-24,2018-04-24,,1,2
1580,191.0,2,2018-04-24,2018-04-24,,1,2
1581,188.0,2,2018-04-25,2018-04-25,,1,2
1582,240.0,1,2018-04-25,2018-04-25,,1,3
1583,44.0,1,2018-04-25,2018-04-25,,2,6
1584,109.0,2,2018-04-26,2018-04-26,,1,3
1585,157.0,1,2018-04-26,2018-04-26,,1,3
1586,176.0,1,2018-04-26,2018-04-26,,1,2
1587,231.0,2,2018-04-26,2018-04-26,,1,2
1588,11.0,1,2018-04-26,2018-04-26,,2,6
1589,40.0,2,2018-04-27,2018-04-27,,1,3
1590,138.0,1,2018-04-27,2018-04-27,,1,3
1591,165.0,2,2018-04-27,2018-04-27,,1,2
1592,6.0,2,2018-04-27,2018-04-27,,2,7
1593,9.0,1,2018-04-27,2018-04-27,,2,6
1594,45.0,1,2018-04-28,2018-04-28,,2,7
1595,71.0,2,2018-04-28,2018-04-28,,2,7
1596,21.0,2,2018-04-28,2018-04-28,,3,8
1597,56.0,1,2018-04-28,2018-04-28,,3,9
1598,239.0,2,2018-04-29,2018-04-29,,1,3
1599,49.0,1,2018-04-29,2018-04-29,,2,7
1600,90.0,1,2018-04-29,2018-04-29,,2,6
1601,43.0,1,2018-04-29,2018-04-29,,3,8
1602,55.0,1,2018-04-30,2018-04-30,,2,6
1603,74.0,2,2018-04-30,2018-04-30,,2,6
1604,7.0,3,2018-06-17,2018-06-17,,2,7
1605,123.0,3,2018-07-01,2018-07-01,,3,8
1606,119.0,3,2018-07-10,2018-07-10,,3,8
1607,33.0,3,2018-07-11,2018-07-11,,1,2
1608,53.0,3,2018-07-12,2018-07-12,,1,2
1609,10.0,3,2018-08-23,2018-08-23,,2,7
1610,15.0,3,2018-08-25,2018-08-25,,2,7
1611,6.0,3,2018-09-06,2018-09-06,,2,7
1612,3.0,3,2018-10-21,2018-10-21,,1,3
1613,1.0,3,2018-11-18,2018-11-18,,2,6
1614,135.0,3,2018-11-28,2018-11-28,,3,8
1615,136.0,3,2018-12-28,2018-12-28,,3,8
1,259.0,4,2016-01-01,2016-01-03,2016-01-03,1,2
